dataset_split,episode_index,episode_id,length,data/chunk_index,data/file_index,dataset_from_index,dataset_to_index,videos/observation.image.wrist_image_left/chunk_index,videos/observation.image.wrist_image_left/file_index,videos/observation.image.wrist_image_left/from_timestamp,videos/observation.image.wrist_image_left/to_timestamp,videos/observation.image.exterior_image_1_left/chunk_index,videos/observation.image.exterior_image_1_left/file_index,videos/observation.image.exterior_image_1_left/from_timestamp,videos/observation.image.exterior_image_1_left/to_timestamp,videos/observation.image.exterior_image_2_left/chunk_index,videos/observation.image.exterior_image_2_left/file_index,videos/observation.image.exterior_image_2_left/from_timestamp,videos/observation.image.exterior_image_2_left/to_timestamp,building,scene_id,uuid,robot_serial,lab,raw_success_matches_root,scene_key,source_repo,source_revision
failure,239,AUTOLab/failure/2023-07-26/Wed_Jul_26_16:27:32_2023,256,0,0,54666,54922,0,1,1260.0000000000005,1277.066666666667,0,4,537.2000000000002,554.2666666666669,0,4,124.33333333333334,141.4,BAIR,4803311843,AUTOLab+5d05c5aa+2023-07-26-16h-27m-32s,fr3-295341-1326595,AUTOLab,True,AUTOLab|BAIR|4803311843,nvidia/Cosmos3-DROID,5c11a20accb11497270a5247a7f1e66ad04c956c
failure,240,AUTOLab/failure/2023-07-26/Wed_Jul_26_16:28:02_2023,1392,0,0,54922,56314,0,1,1277.066666666667,1369.866666666667,0,4,554.2666666666669,647.0666666666668,0,4,141.4,234.2,BAIR,4803311843,AUTOLab+5d05c5aa+2023-07-26-16h-28m-02s,fr3-295341-1326595,AUTOLab,True,AUTOLab|BAIR|4803311843,nvidia/Cosmos3-DROID,5c11a20accb11497270a5247a7f1e66ad04c956c
failure,241,AUTOLab/failure/2023-07-26/Wed_Jul_26_16:42:23_2023,446,0,0,56314,56760,0,1,1369.866666666667,1399.6000000000004,0,4,647.0666666666668,676.8000000000002,0,4,234.2,263.93333333333334,BAIR,4803311843,AUTOLab+5d05c5aa+2023-07-26-16h-42m-23s,fr3-295341-1326595,AUTOLab,True,AUTOLab|BAIR|4803311843,nvidia/Cosmos3-DROID,5c11a20accb11497270a5247a7f1e66ad04c956c
failure,242,AUTOLab/failure/2023-07-26/Wed_Jul_26_16:48:43_2023,236,0,0,56760,56996,0,1,1399.6000000000004,1415.3333333333337,0,4,676.8000000000002,692.5333333333335,0,4,263.93333333333334,279.6666666666667,BAIR,4803311843,AUTOLab+5d05c5aa+2023-07-26-16h-48m-43s,fr3-295341-1326595,AUTOLab,True,AUTOLab|BAIR|4803311843,nvidia/Cosmos3-DROID,5c11a20accb11497270a5247a7f1e66ad04c956c
failure,243,AUTOLab/failure/2023-07-26/Wed_Jul_26_16:54:22_2023,326,0,0,56996,57322,0,1,1415.3333333333337,1437.066666666667,0,4,692.5333333333335,714.2666666666669,0,4,279.6666666666667,301.40000000000003,BAIR,4803311843,AUTOLab+5d05c5aa+2023-07-26-16h-54m-22s,fr3-295341-1326595,AUTOLab,True,AUTOLab|BAIR|4803311843,nvidia/Cosmos3-DROID,5c11a20accb11497270a5247a7f1e66ad04c956c
failure,299,AUTOLab/failure/2023-07-27/Thu_Jul_27_09:39:57_2023,72,0,0,68932,69004,0,2,0.0,4.8,0,6,48.8,53.6,0,5,250.4,255.2,BAIR,4329524892,AUTOLab+84bd5053+2023-07-27-09h-39m-57s,fr3-295341-1326595,AUTOLab,True,AUTOLab|BAIR|4329524892,nvidia/Cosmos3-DROID,5c11a20accb11497270a5247a7f1e66ad04c956c
failure,300,AUTOLab/failure/2023-07-27/Thu_Jul_27_09:40:10_2023,114,0,0,69004,69118,0,2,4.8,12.4,0,6,53.6,61.2,0,5,255.2,262.8,BAIR,4329524892,AUTOLab+84bd5053+2023-07-27-09h-40m-10s,fr3-295341-1326595,AUTOLab,True,AUTOLab|BAIR|4329524892,nvidia/Cosmos3-DROID,5c11a20accb11497270a5247a7f1e66ad04c956c
failure,301,AUTOLab/failure/2023-07-27/Thu_Jul_27_09:40:52_2023,115,0,0,69118,69233,0,2,12.4,20.066666666666663,0,6,61.2,68.86666666666666,0,5,262.8,270.4666666666667,BAIR,4329524892,AUTOLab+84bd5053+2023-07-27-09h-40m-52s,fr3-295341-1326595,AUTOLab,True,AUTOLab|BAIR|4329524892,nvidia/Cosmos3-DROID,5c11a20accb11497270a5247a7f1e66ad04c956c
failure,302,AUTOLab/failure/2023-07-27/Thu_Jul_27_09:41:09_2023,128,0,0,69233,69361,0,2,20.066666666666663,28.6,0,6,68.86666666666666,77.39999999999999,0,5,270.4666666666667,279.00000000000006,BAIR,4329524892,AUTOLab+84bd5053+2023-07-27-09h-41m-09s,fr3-295341-1326595,AUTOLab,True,AUTOLab|BAIR|4329524892,nvidia/Cosmos3-DROID,5c11a20accb11497270a5247a7f1e66ad04c956c
failure,303,AUTOLab/failure/2023-07-27/Thu_Jul_27_09:41:31_2023,127,0,0,69361,69488,0,2,28.6,37.06666666666667,0,6,77.39999999999999,85.86666666666666,0,5,279.00000000000006,287.4666666666667,BAIR,4329524892,AUTOLab+84bd5053+2023-07-27-09h-41m-31s,fr3-295341-1326595,AUTOLab,True,AUTOLab|BAIR|4329524892,nvidia/Cosmos3-DROID,5c11a20accb11497270a5247a7f1e66ad04c956c
failure,304,AUTOLab/failure/2023-07-27/Thu_Jul_27_09:43:30_2023,171,0,0,69488,69659,0,2,37.06666666666667,48.46666666666667,0,6,85.86666666666666,97.26666666666668,0,5,287.4666666666667,298.8666666666667,BAIR,4329524892,AUTOLab+84bd5053+2023-07-27-09h-43m-30s,fr3-295341-1326595,AUTOLab,True,AUTOLab|BAIR|4329524892,nvidia/Cosmos3-DROID,5c11a20accb11497270a5247a7f1e66ad04c956c
failure,305,AUTOLab/failure/2023-07-27/Thu_Jul_27_09:43:48_2023,150,0,0,69659,69809,0,2,48.46666666666667,58.46666666666667,0,6,97.26666666666668,107.26666666666668,0,5,298.8666666666667,308.8666666666667,BAIR,4329524892,AUTOLab+84bd5053+2023-07-27-09h-43m-48s,fr3-295341-1326595,AUTOLab,True,AUTOLab|BAIR|4329524892,nvidia/Cosmos3-DROID,5c11a20accb11497270a5247a7f1e66ad04c956c
failure,306,AUTOLab/failure/2023-07-27/Thu_Jul_27_09:45:59_2023,302,0,0,69809,70111,0,2,58.46666666666667,78.6,0,6,107.26666666666668,127.4,0,5,308.8666666666667,329.0,BAIR,4329524892,AUTOLab+84bd5053+2023-07-27-09h-45m-59s,fr3-295341-1326595,AUTOLab,True,AUTOLab|BAIR|4329524892,nvidia/Cosmos3-DROID,5c11a20accb11497270a5247a7f1e66ad04c956c
failure,307,AUTOLab/failure/2023-07-27/Thu_Jul_27_09:50:41_2023,77,0,0,70111,70188,0,2,78.6,83.73333333333333,0,6,127.4,132.53333333333333,0,5,329.0,334.1333333333333,BAIR,4329524892,AUTOLab+84bd5053+2023-07-27-09h-50m-41s,fr3-295341-1326595,AUTOLab,True,AUTOLab|BAIR|4329524892,nvidia/Cosmos3-DROID,5c11a20accb11497270a5247a7f1e66ad04c956c
failure,308,AUTOLab/failure/2023-07-27/Thu_Jul_27_09:52:25_2023,153,0,0,70188,70341,0,2,83.73333333333333,93.93333333333334,0,6,132.53333333333333,142.73333333333332,0,5,334.1333333333333,344.3333333333333,BAIR,4329524892,AUTOLab+84bd5053+2023-07-27-09h-52m-25s,fr3-295341-1326595,AUTOLab,True,AUTOLab|BAIR|4329524892,nvidia/Cosmos3-DROID,5c11a20accb11497270a5247a7f1e66ad04c956c
failure,309,AUTOLab/failure/2023-07-27/Thu_Jul_27_09:58:35_2023,72,0,0,70341,70413,0,2,93.93333333333334,98.73333333333332,0,6,142.73333333333332,147.53333333333333,0,5,344.3333333333333,349.1333333333333,BAIR,4329524892,AUTOLab+84bd5053+2023-07-27-09h-58m-35s,fr3-295341-1326595,AUTOLab,True,AUTOLab|BAIR|4329524892,nvidia/Cosmos3-DROID,5c11a20accb11497270a5247a7f1e66ad04c956c
failure,310,AUTOLab/failure/2023-07-27/Thu_Jul_27_09:59:17_2023,114,0,0,70413,70527,0,2,98.73333333333332,106.33333333333331,0,6,147.53333333333333,155.13333333333333,0,5,349.1333333333333,356.7333333333333,BAIR,4329524892,AUTOLab+84bd5053+2023-07-27-09h-59m-17s,fr3-295341-1326595,AUTOLab,True,AUTOLab|BAIR|4329524892,nvidia/Cosmos3-DROID,5c11a20accb11497270a5247a7f1e66ad04c956c
failure,311,AUTOLab/failure/2023-07-27/Thu_Jul_27_10:00:05_2023,75,0,0,70527,70602,0,2,106.33333333333331,111.33333333333331,0,6,155.13333333333333,160.13333333333333,0,5,356.7333333333333,361.73333333333335,BAIR,4329524892,AUTOLab+84bd5053+2023-07-27-10h-00m-05s,fr3-295341-1326595,AUTOLab,True,AUTOLab|BAIR|4329524892,nvidia/Cosmos3-DROID,5c11a20accb11497270a5247a7f1e66ad04c956c
failure,312,AUTOLab/failure/2023-07-27/Thu_Jul_27_10:00:20_2023,117,0,0,70602,70719,0,2,111.33333333333331,119.13333333333333,0,6,160.13333333333333,167.93333333333334,0,5,361.73333333333335,369.53333333333336,BAIR,4329524892,AUTOLab+84bd5053+2023-07-27-10h-00m-20s,fr3-295341-1326595,AUTOLab,True,AUTOLab|BAIR|4329524892,nvidia/Cosmos3-DROID,5c11a20accb11497270a5247a7f1e66ad04c956c
failure,313,AUTOLab/failure/2023-07-27/Thu_Jul_27_10:08:10_2023,90,0,0,70719,70809,0,2,119.13333333333333,125.13333333333333,0,6,167.93333333333334,173.93333333333334,0,5,369.53333333333336,375.53333333333336,BAIR,4329524892,AUTOLab+84bd5053+2023-07-27-10h-08m-10s,fr3-295341-1326595,AUTOLab,True,AUTOLab|BAIR|4329524892,nvidia/Cosmos3-DROID,5c11a20accb11497270a5247a7f1e66ad04c956c
failure,314,AUTOLab/failure/2023-07-27/Thu_Jul_27_10:14:58_2023,51,0,0,70809,70860,0,2,125.13333333333333,128.53333333333333,0,6,173.93333333333334,177.33333333333334,0,5,375.53333333333336,378.9333333333333,BAIR,4329524892,AUTOLab+84bd5053+2023-07-27-10h-14m-58s,fr3-295341-1326595,AUTOLab,True,AUTOLab|BAIR|4329524892,nvidia/Cosmos3-DROID,5c11a20accb11497270a5247a7f1e66ad04c956c
failure,315,AUTOLab/failure/2023-07-27/Thu_Jul_27_10:18:06_2023,106,0,0,70860,70966,0,2,128.53333333333333,135.6,0,6,177.33333333333334,184.4,0,5,378.9333333333333,386.0,BAIR,4329524892,AUTOLab+84bd5053+2023-07-27-10h-18m-06s,fr3-295341-1326595,AUTOLab,True,AUTOLab|BAIR|4329524892,nvidia/Cosmos3-DROID,5c11a20accb11497270a5247a7f1e66ad04c956c
failure,316,AUTOLab/failure/2023-07-27/Thu_Jul_27_10:18:38_2023,97,0,0,70966,71063,0,2,135.6,142.06666666666666,0,6,184.4,190.86666666666667,0,5,386.0,392.4666666666666,BAIR,4329524892,AUTOLab+84bd5053+2023-07-27-10h-18m-38s,fr3-295341-1326595,AUTOLab,True,AUTOLab|BAIR|4329524892,nvidia/Cosmos3-DROID,5c11a20accb11497270a5247a7f1e66ad04c956c
failure,317,AUTOLab/failure/2023-07-27/Thu_Jul_27_10:23:32_2023,86,0,0,71063,71149,0,2,142.06666666666666,147.79999999999998,0,6,190.86666666666667,196.6,0,5,392.4666666666666,398.2,BAIR,4329524892,AUTOLab+84bd5053+2023-07-27-10h-23m-32s,fr3-295341-1326595,AUTOLab,True,AUTOLab|BAIR|4329524892,nvidia/Cosmos3-DROID,5c11a20accb11497270a5247a7f1e66ad04c956c
failure,318,AUTOLab/failure/2023-07-27/Thu_Jul_27_10:26:25_2023,56,0,0,71149,71205,0,2,147.79999999999998,151.5333333333333,0,6,196.6,200.3333333333333,0,5,398.2,401.9333333333333,BAIR,4329524892,AUTOLab+84bd5053+2023-07-27-10h-26m-25s,fr3-295341-1326595,AUTOLab,True,AUTOLab|BAIR|4329524892,nvidia/Cosmos3-DROID,5c11a20accb11497270a5247a7f1e66ad04c956c
failure,319,AUTOLab/failure/2023-07-27/Thu_Jul_27_10:28:45_2023,53,0,0,71205,71258,0,2,151.5333333333333,155.06666666666663,0,6,200.3333333333333,203.86666666666665,0,5,401.9333333333333,405.4666666666667,BAIR,4329524892,AUTOLab+84bd5053+2023-07-27-10h-28m-45s,fr3-295341-1326595,AUTOLab,True,AUTOLab|BAIR|4329524892,nvidia/Cosmos3-DROID,5c11a20accb11497270a5247a7f1e66ad04c956c
failure,320,AUTOLab/failure/2023-07-31/Mon_Jul_31_17:04:09_2023,276,0,0,71258,71534,0,2,155.06666666666663,173.46666666666664,0,6,203.86666666666665,222.26666666666665,0,5,405.4666666666667,423.8666666666667,BAIR,4823049285,AUTOLab+5d05c5aa+2023-07-31-17h-04m-09s,FR3-295341-1326595,AUTOLab,True,AUTOLab|BAIR|4823049285,nvidia/Cosmos3-DROID,5c11a20accb11497270a5247a7f1e66ad04c956c
failure,321,AUTOLab/failure/2023-07-31/Mon_Jul_31_17:05:33_2023,151,0,0,71534,71685,0,2,173.46666666666664,183.5333333333333,0,6,222.26666666666665,232.3333333333333,0,5,423.8666666666667,433.9333333333333,BAIR,4823049285,AUTOLab+5d05c5aa+2023-07-31-17h-05m-33s,FR3-295341-1326595,AUTOLab,True,AUTOLab|BAIR|4823049285,nvidia/Cosmos3-DROID,5c11a20accb11497270a5247a7f1e66ad04c956c
failure,322,AUTOLab/failure/2023-07-31/Mon_Jul_31_17:06:05_2023,101,0,0,71685,71786,0,2,183.5333333333333,190.26666666666665,0,6,232.3333333333333,239.06666666666663,0,5,433.9333333333333,440.6666666666667,BAIR,4823049285,AUTOLab+5d05c5aa+2023-07-31-17h-06m-05s,FR3-295341-1326595,AUTOLab,True,AUTOLab|BAIR|4823049285,nvidia/Cosmos3-DROID,5c11a20accb11497270a5247a7f1e66ad04c956c
failure,323,AUTOLab/failure/2023-07-31/Mon_Jul_31_17:07:38_2023,95,0,0,71786,71881,0,2,190.26666666666665,196.6,0,6,239.06666666666663,245.4,0,5,440.6666666666667,447.0,BAIR,4823049285,AUTOLab+5d05c5aa+2023-07-31-17h-07m-38s,FR3-295341-1326595,AUTOLab,True,AUTOLab|BAIR|4823049285,nvidia/Cosmos3-DROID,5c11a20accb11497270a5247a7f1e66ad04c956c
failure,324,AUTOLab/failure/2023-07-31/Mon_Jul_31_17:07:53_2023,125,0,0,71881,72006,0,2,196.6,204.9333333333333,0,6,245.4,253.7333333333333,0,5,447.0,455.3333333333333,BAIR,4823049285,AUTOLab+5d05c5aa+2023-07-31-17h-07m-53s,FR3-295341-1326595,AUTOLab,True,AUTOLab|BAIR|4823049285,nvidia/Cosmos3-DROID,5c11a20accb11497270a5247a7f1e66ad04c956c
failure,325,AUTOLab/failure/2023-07-31/Mon_Jul_31_17:16:23_2023,76,0,0,72006,72082,0,2,204.9333333333333,210.0,0,6,253.7333333333333,258.8,0,5,455.3333333333333,460.4,BAIR,4823049285,AUTOLab+5d05c5aa+2023-07-31-17h-16m-23s,FR3-295341-1326595,AUTOLab,True,AUTOLab|BAIR|4823049285,nvidia/Cosmos3-DROID,5c11a20accb11497270a5247a7f1e66ad04c956c
failure,326,AUTOLab/failure/2023-07-31/Mon_Jul_31_17:19:58_2023,109,0,0,72082,72191,0,2,210.0,217.26666666666665,0,6,258.8,266.06666666666666,0,5,460.4,467.6666666666666,BAIR,4823049285,AUTOLab+5d05c5aa+2023-07-31-17h-19m-58s,FR3-295341-1326595,AUTOLab,True,AUTOLab|BAIR|4823049285,nvidia/Cosmos3-DROID,5c11a20accb11497270a5247a7f1e66ad04c956c
failure,327,AUTOLab/failure/2023-07-31/Mon_Jul_31_17:37:33_2023,147,0,0,72191,72338,0,2,217.26666666666665,227.06666666666663,0,6,266.06666666666666,275.8666666666667,0,5,467.6666666666666,477.4666666666666,BAIR,4823049285,AUTOLab+5d05c5aa+2023-07-31-17h-37m-33s,FR3-295341-1326595,AUTOLab,True,AUTOLab|BAIR|4823049285,nvidia/Cosmos3-DROID,5c11a20accb11497270a5247a7f1e66ad04c956c
failure,328,AUTOLab/failure/2023-07-31/Mon_Jul_31_17:41:17_2023,75,0,0,72338,72413,0,2,227.06666666666663,232.06666666666663,0,6,275.8666666666667,280.8666666666667,0,5,477.4666666666666,482.4666666666666,BAIR,4823049285,AUTOLab+5d05c5aa+2023-07-31-17h-41m-17s,FR3-295341-1326595,AUTOLab,True,AUTOLab|BAIR|4823049285,nvidia/Cosmos3-DROID,5c11a20accb11497270a5247a7f1e66ad04c956c
failure,329,AUTOLab/failure/2023-07-31/Mon_Jul_31_18:47:46_2023,147,0,0,72413,72560,0,2,232.06666666666663,241.86666666666667,0,6,280.8666666666667,290.6666666666667,0,5,482.4666666666666,492.26666666666665,BAIR,4823049285,AUTOLab+5d05c5aa+2023-07-31-18h-47m-46s,FR3-295341-1326595,AUTOLab,True,AUTOLab|BAIR|4823049285,nvidia/Cosmos3-DROID,5c11a20accb11497270a5247a7f1e66ad04c956c
failure,330,AUTOLab/failure/2023-07-31/Mon_Jul_31_18:48:15_2023,72,0,0,72560,72632,0,2,241.86666666666667,246.66666666666669,0,6,290.6666666666667,295.4666666666667,0,5,492.26666666666665,497.06666666666666,BAIR,4823049285,AUTOLab+5d05c5aa+2023-07-31-18h-48m-15s,FR3-295341-1326595,AUTOLab,True,AUTOLab|BAIR|4823049285,nvidia/Cosmos3-DROID,5c11a20accb11497270a5247a7f1e66ad04c956c
failure,331,AUTOLab/failure/2023-07-31/Mon_Jul_31_18:49:26_2023,130,0,0,72632,72762,0,2,246.66666666666669,255.33333333333331,0,6,295.4666666666667,304.1333333333334,0,5,497.06666666666666,505.73333333333335,BAIR,4823049285,AUTOLab+5d05c5aa+2023-07-31-18h-49m-26s,FR3-295341-1326595,AUTOLab,True,AUTOLab|BAIR|4823049285,nvidia/Cosmos3-DROID,5c11a20accb11497270a5247a7f1e66ad04c956c
failure,332,AUTOLab/failure/2023-07-31/Mon_Jul_31_18:50:25_2023,105,0,0,72762,72867,0,2,255.33333333333331,262.33333333333337,0,6,304.1333333333334,311.1333333333334,0,5,505.73333333333335,512.7333333333333,BAIR,4823049285,AUTOLab+5d05c5aa+2023-07-31-18h-50m-25s,FR3-295341-1326595,AUTOLab,True,AUTOLab|BAIR|4823049285,nvidia/Cosmos3-DROID,5c11a20accb11497270a5247a7f1e66ad04c956c
failure,333,AUTOLab/failure/2023-07-31/Mon_Jul_31_18:51:02_2023,206,0,0,72867,73073,0,2,262.33333333333337,276.0666666666667,0,6,311.1333333333334,324.8666666666668,0,5,512.7333333333333,526.4666666666667,BAIR,4823049285,AUTOLab+5d05c5aa+2023-07-31-18h-51m-02s,FR3-295341-1326595,AUTOLab,True,AUTOLab|BAIR|4823049285,nvidia/Cosmos3-DROID,5c11a20accb11497270a5247a7f1e66ad04c956c
failure,334,AUTOLab/failure/2023-07-31/Mon_Jul_31_18:54:43_2023,106,0,0,73073,73179,0,2,276.0666666666667,283.1333333333334,0,6,324.8666666666668,331.9333333333334,0,5,526.4666666666667,533.5333333333334,BAIR,4823049285,AUTOLab+5d05c5aa+2023-07-31-18h-54m-43s,FR3-295341-1326595,AUTOLab,True,AUTOLab|BAIR|4823049285,nvidia/Cosmos3-DROID,5c11a20accb11497270a5247a7f1e66ad04c956c
failure,335,AUTOLab/failure/2023-07-31/Mon_Jul_31_18:55:12_2023,242,0,0,73179,73421,0,2,283.1333333333334,299.2666666666667,0,6,331.9333333333334,348.0666666666667,0,5,533.5333333333334,549.6666666666667,BAIR,4823049285,AUTOLab+5d05c5aa+2023-07-31-18h-55m-12s,FR3-295341-1326595,AUTOLab,True,AUTOLab|BAIR|4823049285,nvidia/Cosmos3-DROID,5c11a20accb11497270a5247a7f1e66ad04c956c
failure,336,AUTOLab/failure/2023-07-31/Mon_Jul_31_18:58:52_2023,91,0,0,73421,73512,0,2,299.2666666666667,305.33333333333337,0,6,348.0666666666667,354.1333333333334,0,5,549.6666666666667,555.7333333333335,BAIR,4823049285,AUTOLab+5d05c5aa+2023-07-31-18h-58m-52s,FR3-295341-1326595,AUTOLab,True,AUTOLab|BAIR|4823049285,nvidia/Cosmos3-DROID,5c11a20accb11497270a5247a7f1e66ad04c956c
failure,337,AUTOLab/failure/2023-07-31/Mon_Jul_31_18:59:05_2023,153,0,0,73512,73665,0,2,305.33333333333337,315.53333333333336,0,6,354.1333333333334,364.33333333333337,0,5,555.7333333333335,565.9333333333335,BAIR,4823049285,AUTOLab+5d05c5aa+2023-07-31-18h-59m-05s,FR3-295341-1326595,AUTOLab,True,AUTOLab|BAIR|4823049285,nvidia/Cosmos3-DROID,5c11a20accb11497270a5247a7f1e66ad04c956c
failure,338,AUTOLab/failure/2023-07-31/Mon_Jul_31_19:02:47_2023,155,0,0,73665,73820,0,2,315.53333333333336,325.8666666666667,0,6,364.33333333333337,374.6666666666667,0,5,565.9333333333335,576.2666666666669,BAIR,4823049285,AUTOLab+5d05c5aa+2023-07-31-19h-02m-47s,FR3-295341-1326595,AUTOLab,True,AUTOLab|BAIR|4823049285,nvidia/Cosmos3-DROID,5c11a20accb11497270a5247a7f1e66ad04c956c
failure,339,AUTOLab/failure/2023-07-31/Mon_Jul_31_19:05:33_2023,64,0,0,73820,73884,0,2,325.8666666666667,330.1333333333333,0,6,374.6666666666667,378.9333333333333,0,5,576.2666666666669,580.5333333333335,BAIR,4823049285,AUTOLab+5d05c5aa+2023-07-31-19h-05m-33s,FR3-295341-1326595,AUTOLab,True,AUTOLab|BAIR|4823049285,nvidia/Cosmos3-DROID,5c11a20accb11497270a5247a7f1e66ad04c956c
failure,340,AUTOLab/failure/2023-07-31/Mon_Jul_31_19:06:17_2023,170,0,0,73884,74054,0,2,330.1333333333333,341.46666666666664,0,6,378.9333333333333,390.26666666666665,0,5,580.5333333333335,591.8666666666669,BAIR,4823049285,AUTOLab+5d05c5aa+2023-07-31-19h-06m-17s,FR3-295341-1326595,AUTOLab,True,AUTOLab|BAIR|4823049285,nvidia/Cosmos3-DROID,5c11a20accb11497270a5247a7f1e66ad04c956c
failure,341,AUTOLab/failure/2023-07-31/Mon_Jul_31_19:22:08_2023,107,0,0,74054,74161,0,2,341.46666666666664,348.6,0,6,390.26666666666665,397.4,0,5,591.8666666666669,599.0000000000002,BAIR,4823049285,AUTOLab+5d05c5aa+2023-07-31-19h-22m-08s,FR3-295341-1326595,AUTOLab,True,AUTOLab|BAIR|4823049285,nvidia/Cosmos3-DROID,5c11a20accb11497270a5247a7f1e66ad04c956c
failure,342,AUTOLab/failure/2023-07-31/Mon_Jul_31_19:27:01_2023,50,0,0,74161,74211,0,2,348.6,351.9333333333333,0,6,397.4,400.7333333333333,0,5,599.0000000000002,602.3333333333336,BAIR,4823049285,AUTOLab+5d05c5aa+2023-07-31-19h-27m-01s,FR3-295341-1326595,AUTOLab,True,AUTOLab|BAIR|4823049285,nvidia/Cosmos3-DROID,5c11a20accb11497270a5247a7f1e66ad04c956c
failure,343,AUTOLab/failure/2023-07-31/Mon_Jul_31_19:30:43_2023,126,0,0,74211,74337,0,2,351.9333333333333,360.33333333333326,0,6,400.7333333333333,409.13333333333327,0,5,602.3333333333336,610.7333333333336,BAIR,4823049285,AUTOLab+5d05c5aa+2023-07-31-19h-30m-43s,FR3-295341-1326595,AUTOLab,True,AUTOLab|BAIR|4823049285,nvidia/Cosmos3-DROID,5c11a20accb11497270a5247a7f1e66ad04c956c
failure,344,AUTOLab/failure/2023-07-31/Mon_Jul_31_19:31:23_2023,138,0,0,74337,74475,0,2,360.33333333333326,369.5333333333333,0,6,409.13333333333327,418.33333333333326,0,5,610.7333333333336,619.9333333333336,BAIR,4823049285,AUTOLab+5d05c5aa+2023-07-31-19h-31m-23s,FR3-295341-1326595,AUTOLab,True,AUTOLab|BAIR|4823049285,nvidia/Cosmos3-DROID,5c11a20accb11497270a5247a7f1e66ad04c956c
failure,345,AUTOLab/failure/2023-07-31/Mon_Jul_31_19:34:04_2023,63,0,0,74475,74538,0,2,369.5333333333333,373.7333333333332,0,6,418.33333333333326,422.5333333333333,0,5,619.9333333333336,624.1333333333337,BAIR,4823049285,AUTOLab+5d05c5aa+2023-07-31-19h-34m-04s,FR3-295341-1326595,AUTOLab,True,AUTOLab|BAIR|4823049285,nvidia/Cosmos3-DROID,5c11a20accb11497270a5247a7f1e66ad04c956c
failure,346,AUTOLab/failure/2023-07-31/Mon_Jul_31_19:35:00_2023,83,0,0,74538,74621,0,2,373.7333333333332,379.2666666666666,0,6,422.5333333333333,428.0666666666666,0,5,624.1333333333337,629.666666666667,BAIR,4823049285,AUTOLab+5d05c5aa+2023-07-31-19h-35m-00s,FR3-295341-1326595,AUTOLab,True,AUTOLab|BAIR|4823049285,nvidia/Cosmos3-DROID,5c11a20accb11497270a5247a7f1e66ad04c956c
failure,347,AUTOLab/failure/2023-07-31/Mon_Jul_31_19:35:15_2023,93,0,0,74621,74714,0,2,379.2666666666666,385.4666666666666,0,6,428.0666666666666,434.2666666666666,0,5,629.666666666667,635.866666666667,BAIR,4823049285,AUTOLab+5d05c5aa+2023-07-31-19h-35m-15s,FR3-295341-1326595,AUTOLab,True,AUTOLab|BAIR|4823049285,nvidia/Cosmos3-DROID,5c11a20accb11497270a5247a7f1e66ad04c956c
failure,349,AUTOLab/failure/2023-07-31/Mon_Jul_31_19:38:24_2023,152,0,0,74731,74883,0,2,386.5999999999999,396.7333333333332,0,6,435.3999999999999,445.5333333333333,0,5,637.0000000000003,647.1333333333337,BAIR,4823049285,AUTOLab+5d05c5aa+2023-07-31-19h-38m-24s,FR3-295341-1326595,AUTOLab,True,AUTOLab|BAIR|4823049285,nvidia/Cosmos3-DROID,5c11a20accb11497270a5247a7f1e66ad04c956c
failure,350,AUTOLab/failure/2023-07-31/Mon_Jul_31_19:39:27_2023,199,0,0,74883,75082,0,2,396.7333333333332,409.9999999999999,0,6,445.5333333333333,458.7999999999999,0,5,647.1333333333337,660.4000000000003,BAIR,4823049285,AUTOLab+5d05c5aa+2023-07-31-19h-39m-27s,FR3-295341-1326595,AUTOLab,True,AUTOLab|BAIR|4823049285,nvidia/Cosmos3-DROID,5c11a20accb11497270a5247a7f1e66ad04c956c
failure,351,AUTOLab/failure/2023-07-31/Mon_Jul_31_19:49:08_2023,166,0,0,75082,75248,0,2,409.9999999999999,421.06666666666655,0,6,458.7999999999999,469.86666666666656,0,5,660.4000000000003,671.466666666667,BAIR,4823049285,AUTOLab+5d05c5aa+2023-07-31-19h-49m-08s,FR3-295341-1326595,AUTOLab,True,AUTOLab|BAIR|4823049285,nvidia/Cosmos3-DROID,5c11a20accb11497270a5247a7f1e66ad04c956c
failure,352,AUTOLab/failure/2023-07-31/Mon_Jul_31_19:49:53_2023,49,0,0,75248,75297,0,2,421.06666666666655,424.3333333333332,0,6,469.86666666666656,473.1333333333332,0,5,671.466666666667,674.7333333333337,BAIR,4823049285,AUTOLab+5d05c5aa+2023-07-31-19h-49m-53s,FR3-295341-1326595,AUTOLab,True,AUTOLab|BAIR|4823049285,nvidia/Cosmos3-DROID,5c11a20accb11497270a5247a7f1e66ad04c956c
failure,353,AUTOLab/failure/2023-07-31/Mon_Jul_31_19:51:36_2023,51,0,0,75297,75348,0,2,424.3333333333332,427.7333333333332,0,6,473.1333333333332,476.5333333333332,0,5,674.7333333333337,678.1333333333337,BAIR,4823049285,AUTOLab+5d05c5aa+2023-07-31-19h-51m-36s,FR3-295341-1326595,AUTOLab,True,AUTOLab|BAIR|4823049285,nvidia/Cosmos3-DROID,5c11a20accb11497270a5247a7f1e66ad04c956c
failure,355,AUTOLab/failure/2023-07-31/Mon_Jul_31_20:04:41_2023,104,0,0,75380,75484,0,2,429.8666666666665,436.79999999999984,0,6,478.6666666666665,485.5999999999999,0,5,680.266666666667,687.2000000000003,BAIR,4823049285,AUTOLab+5d05c5aa+2023-07-31-20h-04m-41s,FR3-295341-1326595,AUTOLab,True,AUTOLab|BAIR|4823049285,nvidia/Cosmos3-DROID,5c11a20accb11497270a5247a7f1e66ad04c956c
failure,356,AUTOLab/failure/2023-07-31/Mon_Jul_31_20:09:31_2023,101,0,0,75484,75585,0,2,436.79999999999984,443.5333333333332,0,6,485.5999999999999,492.3333333333332,0,5,687.2000000000003,693.9333333333336,BAIR,4823049285,AUTOLab+5d05c5aa+2023-07-31-20h-09m-31s,FR3-295341-1326595,AUTOLab,True,AUTOLab|BAIR|4823049285,nvidia/Cosmos3-DROID,5c11a20accb11497270a5247a7f1e66ad04c956c
failure,357,AUTOLab/failure/2023-07-31/Mon_Jul_31_20:14:33_2023,44,0,0,75585,75629,0,2,443.5333333333332,446.4666666666665,0,6,492.3333333333332,495.26666666666654,0,5,693.9333333333336,696.8666666666669,BAIR,4823049285,AUTOLab+5d05c5aa+2023-07-31-20h-14m-33s,FR3-295341-1326595,AUTOLab,True,AUTOLab|BAIR|4823049285,nvidia/Cosmos3-DROID,5c11a20accb11497270a5247a7f1e66ad04c956c
failure,358,AUTOLab/failure/2023-07-31/Mon_Jul_31_20:15:04_2023,112,0,0,75629,75741,0,2,446.4666666666665,453.9333333333332,0,6,495.26666666666654,502.7333333333332,0,5,696.8666666666669,704.3333333333336,BAIR,4823049285,AUTOLab+5d05c5aa+2023-07-31-20h-15m-04s,FR3-295341-1326595,AUTOLab,True,AUTOLab|BAIR|4823049285,nvidia/Cosmos3-DROID,5c11a20accb11497270a5247a7f1e66ad04c956c
failure,360,AUTOLab/failure/2023-07-31/Mon_Jul_31_20:22:34_2023,92,0,0,75770,75862,0,2,455.8666666666665,461.99999999999983,0,6,504.6666666666665,510.79999999999984,0,5,706.2666666666669,712.4000000000002,BAIR,4823049285,AUTOLab+5d05c5aa+2023-07-31-20h-22m-34s,FR3-295341-1326595,AUTOLab,True,AUTOLab|BAIR|4823049285,nvidia/Cosmos3-DROID,5c11a20accb11497270a5247a7f1e66ad04c956c
failure,361,AUTOLab/failure/2023-07-31/Mon_Jul_31_20:22:53_2023,99,0,0,75862,75961,0,2,461.99999999999983,468.5999999999999,0,6,510.79999999999984,517.3999999999999,0,5,712.4000000000002,719.0000000000002,BAIR,4823049285,AUTOLab+5d05c5aa+2023-07-31-20h-22m-53s,FR3-295341-1326595,AUTOLab,True,AUTOLab|BAIR|4823049285,nvidia/Cosmos3-DROID,5c11a20accb11497270a5247a7f1e66ad04c956c
failure,362,AUTOLab/failure/2023-07-31/Mon_Jul_31_20:24:30_2023,156,0,0,75961,76117,0,2,468.5999999999999,478.99999999999983,0,6,517.3999999999999,527.7999999999998,0,5,719.0000000000002,729.4000000000002,BAIR,4823049285,AUTOLab+5d05c5aa+2023-07-31-20h-24m-30s,FR3-295341-1326595,AUTOLab,True,AUTOLab|BAIR|4823049285,nvidia/Cosmos3-DROID,5c11a20accb11497270a5247a7f1e66ad04c956c
failure,363,AUTOLab/failure/2023-07-31/Mon_Jul_31_20:27:05_2023,142,0,0,76117,76259,0,2,478.99999999999983,488.46666666666647,0,6,527.7999999999998,537.2666666666665,0,5,729.4000000000002,738.8666666666669,BAIR,4823049285,AUTOLab+5d05c5aa+2023-07-31-20h-27m-05s,FR3-295341-1326595,AUTOLab,True,AUTOLab|BAIR|4823049285,nvidia/Cosmos3-DROID,5c11a20accb11497270a5247a7f1e66ad04c956c
failure,364,AUTOLab/failure/2023-07-31/Mon_Jul_31_20:29:43_2023,106,0,0,76259,76365,0,2,488.46666666666647,495.53333333333313,0,6,537.2666666666665,544.3333333333333,0,5,738.8666666666669,745.9333333333336,BAIR,4823049285,AUTOLab+5d05c5aa+2023-07-31-20h-29m-43s,FR3-295341-1326595,AUTOLab,True,AUTOLab|BAIR|4823049285,nvidia/Cosmos3-DROID,5c11a20accb11497270a5247a7f1e66ad04c956c
failure,365,AUTOLab/failure/2023-07-31/Mon_Jul_31_20:31:49_2023,153,0,0,76365,76518,0,2,495.53333333333313,505.7333333333331,0,6,544.3333333333333,554.5333333333333,0,5,745.9333333333336,756.1333333333337,BAIR,4823049285,AUTOLab+5d05c5aa+2023-07-31-20h-31m-49s,FR3-295341-1326595,AUTOLab,True,AUTOLab|BAIR|4823049285,nvidia/Cosmos3-DROID,5c11a20accb11497270a5247a7f1e66ad04c956c
failure,366,AUTOLab/failure/2023-07-31/Mon_Jul_31_20:32:11_2023,59,0,0,76518,76577,0,2,505.7333333333331,509.66666666666646,0,6,554.5333333333333,558.4666666666666,0,5,756.1333333333337,760.066666666667,BAIR,4823049285,AUTOLab+5d05c5aa+2023-07-31-20h-32m-11s,FR3-295341-1326595,AUTOLab,True,AUTOLab|BAIR|4823049285,nvidia/Cosmos3-DROID,5c11a20accb11497270a5247a7f1e66ad04c956c
failure,367,AUTOLab/failure/2023-08-12/Sat_Aug_12_11:54:18_2023,34,0,0,76577,76611,0,2,509.66666666666646,511.9333333333331,0,6,558.4666666666666,560.7333333333332,0,5,760.066666666667,762.3333333333336,Autolab,8833514968,AUTOLab+t3d58310+2023-08-12-11h-54m-18s,FR3-295341-1326595,AUTOLab,True,AUTOLab|Autolab|8833514968,nvidia/Cosmos3-DROID,5c11a20accb11497270a5247a7f1e66ad04c956c
failure,368,AUTOLab/failure/2023-08-12/Sat_Aug_12_12:46:59_2023,520,0,0,76611,77131,0,2,511.9333333333331,546.5999999999998,0,6,560.7333333333332,595.3999999999999,0,5,762.3333333333336,797.0000000000002,Autolab,8833514968,AUTOLab+t3d58310+2023-08-12-12h-46m-59s,FR3-295341-1326595,AUTOLab,True,AUTOLab|Autolab|8833514968,nvidia/Cosmos3-DROID,5c11a20accb11497270a5247a7f1e66ad04c956c
failure,370,AUTOLab/failure/2023-08-12/Sat_Aug_12_14:23:02_2023,141,0,0,77138,77279,0,2,547.0666666666665,556.4666666666665,0,6,595.8666666666666,605.2666666666665,0,5,797.4666666666669,806.8666666666669,Autolab,8833514968,AUTOLab+5d05c5aa+2023-08-12-14h-23m-02s,FR3-295341-1326595,AUTOLab,True,AUTOLab|Autolab|8833514968,nvidia/Cosmos3-DROID,5c11a20accb11497270a5247a7f1e66ad04c956c
failure,371,AUTOLab/failure/2023-08-12/Sat_Aug_12_14:23:26_2023,161,0,0,77279,77440,0,2,556.4666666666665,567.1999999999998,0,6,605.2666666666665,615.9999999999999,0,5,806.8666666666669,817.6000000000003,Autolab,8833514968,AUTOLab+5d05c5aa+2023-08-12-14h-23m-26s,FR3-295341-1326595,AUTOLab,True,AUTOLab|Autolab|8833514968,nvidia/Cosmos3-DROID,5c11a20accb11497270a5247a7f1e66ad04c956c
failure,372,AUTOLab/failure/2023-08-12/Sat_Aug_12_14:24:04_2023,88,0,0,77440,77528,0,2,567.1999999999998,573.0666666666665,0,6,615.9999999999999,621.8666666666666,0,5,817.6000000000003,823.4666666666669,Autolab,8833514968,AUTOLab+5d05c5aa+2023-08-12-14h-24m-04s,FR3-295341-1326595,AUTOLab,True,AUTOLab|Autolab|8833514968,nvidia/Cosmos3-DROID,5c11a20accb11497270a5247a7f1e66ad04c956c
failure,373,AUTOLab/failure/2023-08-12/Sat_Aug_12_14:36:35_2023,209,0,0,77528,77737,0,2,573.0666666666665,586.9999999999998,0,6,621.8666666666666,635.7999999999998,0,5,823.4666666666669,837.4000000000002,Autolab,8833514968,AUTOLab+5d05c5aa+2023-08-12-14h-36m-35s,FR3-295341-1326595,AUTOLab,True,AUTOLab|Autolab|8833514968,nvidia/Cosmos3-DROID,5c11a20accb11497270a5247a7f1e66ad04c956c
failure,374,AUTOLab/failure/2023-08-12/Sat_Aug_12_14:36:59_2023,121,0,0,77737,77858,0,2,586.9999999999998,595.0666666666665,0,6,635.7999999999998,643.8666666666666,0,5,837.4000000000002,845.4666666666669,Autolab,8833514968,AUTOLab+5d05c5aa+2023-08-12-14h-36m-59s,FR3-295341-1326595,AUTOLab,True,AUTOLab|Autolab|8833514968,nvidia/Cosmos3-DROID,5c11a20accb11497270a5247a7f1e66ad04c956c
failure,375,AUTOLab/failure/2023-08-12/Sat_Aug_12_14:37:16_2023,145,0,0,77858,78003,0,2,595.0666666666665,604.7333333333331,0,6,643.8666666666666,653.5333333333332,0,5,845.4666666666669,855.1333333333336,Autolab,8833514968,AUTOLab+5d05c5aa+2023-08-12-14h-37m-16s,FR3-295341-1326595,AUTOLab,True,AUTOLab|Autolab|8833514968,nvidia/Cosmos3-DROID,5c11a20accb11497270a5247a7f1e66ad04c956c
failure,521,AUTOLab/failure/2023-08-12/Sat_Aug_12_22:45:24_2023,170,0,0,97711,97881,0,2,1918.6000000000008,1929.933333333334,0,8,0.0,11.333333333333334,0,6,1313.8666666666668,1325.2,Autolab,8833514968,AUTOLab+5d05c5aa+2023-08-12-22h-45m-24s,FR3-295341-1326595,AUTOLab,True,AUTOLab|Autolab|8833514968,nvidia/Cosmos3-DROID,5c11a20accb11497270a5247a7f1e66ad04c956c
failure,522,AUTOLab/failure/2023-08-12/Sat_Aug_12_23:00:41_2023,41,0,0,97881,97922,0,2,1929.933333333334,1932.6666666666677,0,8,11.333333333333334,14.066666666666666,0,6,1325.2,1327.9333333333334,Autolab,8833514968,AUTOLab+5d05c5aa+2023-08-12-23h-00m-41s,FR3-295341-1326595,AUTOLab,True,AUTOLab|Autolab|8833514968,nvidia/Cosmos3-DROID,5c11a20accb11497270a5247a7f1e66ad04c956c
failure,523,AUTOLab/failure/2023-08-12/Sat_Aug_12_23:02:58_2023,187,0,0,97922,98109,0,2,1932.6666666666677,1945.133333333334,0,8,14.066666666666666,26.53333333333333,0,6,1327.9333333333334,1340.4,Autolab,8833514968,AUTOLab+5d05c5aa+2023-08-12-23h-02m-58s,FR3-295341-1326595,AUTOLab,True,AUTOLab|Autolab|8833514968,nvidia/Cosmos3-DROID,5c11a20accb11497270a5247a7f1e66ad04c956c
failure,524,AUTOLab/failure/2023-08-12/Sat_Aug_12_23:03:29_2023,37,0,0,98109,98146,0,2,1945.133333333334,1947.6000000000008,0,8,26.53333333333333,29.0,0,6,1340.4,1342.8666666666668,Autolab,8833514968,AUTOLab+5d05c5aa+2023-08-12-23h-03m-29s,FR3-295341-1326595,AUTOLab,True,AUTOLab|Autolab|8833514968,nvidia/Cosmos3-DROID,5c11a20accb11497270a5247a7f1e66ad04c956c
failure,525,AUTOLab/failure/2023-08-12/Sat_Aug_12_23:05:24_2023,143,0,0,98146,98289,0,2,1947.6000000000008,1957.133333333334,0,8,29.0,38.53333333333333,0,6,1342.8666666666668,1352.4,Autolab,8833514968,AUTOLab+5d05c5aa+2023-08-12-23h-05m-24s,FR3-295341-1326595,AUTOLab,True,AUTOLab|Autolab|8833514968,nvidia/Cosmos3-DROID,5c11a20accb11497270a5247a7f1e66ad04c956c
failure,526,AUTOLab/failure/2023-08-12/Sat_Aug_12_23:06:29_2023,152,0,0,98289,98441,0,2,1957.133333333334,1967.266666666668,0,8,38.53333333333333,48.66666666666666,0,6,1352.4,1362.5333333333335,Autolab,8833514968,AUTOLab+5d05c5aa+2023-08-12-23h-06m-29s,FR3-295341-1326595,AUTOLab,True,AUTOLab|Autolab|8833514968,nvidia/Cosmos3-DROID,5c11a20accb11497270a5247a7f1e66ad04c956c
failure,527,AUTOLab/failure/2023-08-12/Sat_Aug_12_23:07:31_2023,147,0,0,98441,98588,0,2,1967.266666666668,1977.0666666666675,0,8,48.66666666666666,58.46666666666667,0,6,1362.5333333333335,1372.3333333333337,Autolab,8833514968,AUTOLab+5d05c5aa+2023-08-12-23h-07m-31s,FR3-295341-1326595,AUTOLab,True,AUTOLab|Autolab|8833514968,nvidia/Cosmos3-DROID,5c11a20accb11497270a5247a7f1e66ad04c956c
failure,528,AUTOLab/failure/2023-08-12/Sat_Aug_12_23:17:56_2023,149,0,0,98588,98737,0,2,1977.0666666666675,1987.000000000001,0,8,58.46666666666667,68.4,0,6,1372.3333333333337,1382.2666666666669,Autolab,8833514968,AUTOLab+5d05c5aa+2023-08-12-23h-17m-56s,FR3-295341-1326595,AUTOLab,True,AUTOLab|Autolab|8833514968,nvidia/Cosmos3-DROID,5c11a20accb11497270a5247a7f1e66ad04c956c
failure,529,AUTOLab/failure/2023-08-12/Sat_Aug_12_23:18:13_2023,161,0,0,98737,98898,0,2,1987.000000000001,1997.7333333333345,0,8,68.4,79.13333333333334,0,6,1382.2666666666669,1393.0000000000002,Autolab,8833514968,AUTOLab+5d05c5aa+2023-08-12-23h-18m-13s,FR3-295341-1326595,AUTOLab,True,AUTOLab|Autolab|8833514968,nvidia/Cosmos3-DROID,5c11a20accb11497270a5247a7f1e66ad04c956c
failure,530,AUTOLab/failure/2023-08-12/Sat_Aug_12_23:22:33_2023,147,0,0,98898,99045,0,2,1997.7333333333345,2007.5333333333344,0,8,79.13333333333334,88.93333333333334,0,6,1393.0000000000002,1402.8000000000002,Autolab,8833514968,AUTOLab+5d05c5aa+2023-08-12-23h-22m-33s,FR3-295341-1326595,AUTOLab,True,AUTOLab|Autolab|8833514968,nvidia/Cosmos3-DROID,5c11a20accb11497270a5247a7f1e66ad04c956c
failure,531,AUTOLab/failure/2023-08-12/Sat_Aug_12_23:36:12_2023,132,0,0,99045,99177,0,2,2007.5333333333344,2016.3333333333344,0,8,88.93333333333334,97.73333333333332,0,6,1402.8000000000002,1411.6,Autolab,8833514968,AUTOLab+5d05c5aa+2023-08-12-23h-36m-12s,FR3-295341-1326595,AUTOLab,True,AUTOLab|Autolab|8833514968,nvidia/Cosmos3-DROID,5c11a20accb11497270a5247a7f1e66ad04c956c
failure,532,AUTOLab/failure/2023-08-12/Sat_Aug_12_23:45:43_2023,161,0,0,99177,99338,0,2,2016.3333333333344,2027.0666666666675,0,8,97.73333333333332,108.46666666666668,0,6,1411.6,1422.3333333333337,Autolab,8833514968,AUTOLab+5d05c5aa+2023-08-12-23h-45m-43s,FR3-295341-1326595,AUTOLab,True,AUTOLab|Autolab|8833514968,nvidia/Cosmos3-DROID,5c11a20accb11497270a5247a7f1e66ad04c956c
failure,533,AUTOLab/failure/2023-08-12/Sat_Aug_12_23:46:11_2023,135,0,0,99338,99473,0,2,2027.0666666666675,2036.0666666666675,0,8,108.46666666666668,117.46666666666668,0,6,1422.3333333333337,1431.3333333333337,Autolab,8833514968,AUTOLab+5d05c5aa+2023-08-12-23h-46m-11s,FR3-295341-1326595,AUTOLab,True,AUTOLab|Autolab|8833514968,nvidia/Cosmos3-DROID,5c11a20accb11497270a5247a7f1e66ad04c956c
failure,534,AUTOLab/failure/2023-08-12/Sat_Aug_12_23:48:03_2023,181,0,0,99473,99654,0,2,2036.0666666666675,2048.133333333334,0,8,117.46666666666668,129.53333333333333,0,6,1431.3333333333337,1443.4,Autolab,8833514968,AUTOLab+5d05c5aa+2023-08-12-23h-48m-03s,FR3-295341-1326595,AUTOLab,True,AUTOLab|Autolab|8833514968,nvidia/Cosmos3-DROID,5c11a20accb11497270a5247a7f1e66ad04c956c
failure,535,AUTOLab/failure/2023-08-12/Sat_Aug_12_23:48:39_2023,197,0,0,99654,99851,0,2,2048.133333333334,2061.266666666668,0,8,129.53333333333333,142.66666666666666,0,6,1443.4,1456.5333333333335,Autolab,8833514968,AUTOLab+5d05c5aa+2023-08-12-23h-48m-39s,FR3-295341-1326595,AUTOLab,True,AUTOLab|Autolab|8833514968,nvidia/Cosmos3-DROID,5c11a20accb11497270a5247a7f1e66ad04c956c
failure,536,AUTOLab/failure/2023-08-12/Sat_Aug_12_23:50:19_2023,151,0,0,99851,100002,0,2,2061.266666666668,2071.333333333334,0,8,142.66666666666666,152.73333333333332,0,6,1456.5333333333335,1466.6,Autolab,8833514968,AUTOLab+5d05c5aa+2023-08-12-23h-50m-19s,FR3-295341-1326595,AUTOLab,True,AUTOLab|Autolab|8833514968,nvidia/Cosmos3-DROID,5c11a20accb11497270a5247a7f1e66ad04c956c
failure,537,AUTOLab/failure/2023-08-12/Sat_Aug_12_23:50:37_2023,134,0,0,100002,100136,0,2,2071.333333333334,2080.266666666668,0,8,152.73333333333332,161.66666666666666,0,6,1466.6,1475.5333333333335,Autolab,8833514968,AUTOLab+5d05c5aa+2023-08-12-23h-50m-37s,FR3-295341-1326595,AUTOLab,True,AUTOLab|Autolab|8833514968,nvidia/Cosmos3-DROID,5c11a20accb11497270a5247a7f1e66ad04c956c
failure,538,AUTOLab/failure/2023-08-12/Sat_Aug_12_23:50:54_2023,147,0,0,100136,100283,0,2,2080.266666666668,2090.0666666666675,0,8,161.66666666666666,171.46666666666667,0,6,1475.5333333333335,1485.3333333333337,Autolab,8833514968,AUTOLab+5d05c5aa+2023-08-12-23h-50m-54s,FR3-295341-1326595,AUTOLab,True,AUTOLab|Autolab|8833514968,nvidia/Cosmos3-DROID,5c11a20accb11497270a5247a7f1e66ad04c956c
failure,539,AUTOLab/failure/2023-08-12/Sat_Aug_12_23:52:29_2023,135,0,0,100283,100418,0,2,2090.0666666666675,2099.0666666666675,0,8,171.46666666666667,180.46666666666667,0,6,1485.3333333333337,1494.3333333333337,Autolab,8833514968,AUTOLab+5d05c5aa+2023-08-12-23h-52m-29s,FR3-295341-1326595,AUTOLab,True,AUTOLab|Autolab|8833514968,nvidia/Cosmos3-DROID,5c11a20accb11497270a5247a7f1e66ad04c956c
failure,540,AUTOLab/failure/2023-08-12/Sat_Aug_12_23:53:18_2023,163,0,0,100418,100581,0,2,2099.0666666666675,2109.9333333333343,0,8,180.46666666666667,191.33333333333331,0,6,1494.3333333333337,1505.2,Autolab,8833514968,AUTOLab+5d05c5aa+2023-08-12-23h-53m-18s,FR3-295341-1326595,AUTOLab,True,AUTOLab|Autolab|8833514968,nvidia/Cosmos3-DROID,5c11a20accb11497270a5247a7f1e66ad04c956c
failure,541,AUTOLab/failure/2023-08-12/Sat_Aug_12_23:55:27_2023,151,0,0,100581,100732,0,2,2109.9333333333343,2120.000000000001,0,8,191.33333333333331,201.4,0,6,1505.2,1515.2666666666669,Autolab,8833514968,AUTOLab+5d05c5aa+2023-08-12-23h-55m-27s,FR3-295341-1326595,AUTOLab,True,AUTOLab|Autolab|8833514968,nvidia/Cosmos3-DROID,5c11a20accb11497270a5247a7f1e66ad04c956c
failure,542,AUTOLab/failure/2023-08-12/Sat_Aug_12_23:55:47_2023,221,0,0,100732,100953,0,2,2120.000000000001,2134.733333333334,0,8,201.4,216.13333333333333,0,6,1515.2666666666669,1530.0,Autolab,8833514968,AUTOLab+5d05c5aa+2023-08-12-23h-55m-47s,FR3-295341-1326595,AUTOLab,True,AUTOLab|Autolab|8833514968,nvidia/Cosmos3-DROID,5c11a20accb11497270a5247a7f1e66ad04c956c
failure,543,AUTOLab/failure/2023-08-12/Sat_Aug_12_23:56:15_2023,104,0,0,100953,101057,0,2,2134.733333333334,2141.6666666666674,0,8,216.13333333333333,223.06666666666663,0,6,1530.0,1536.9333333333334,Autolab,8833514968,AUTOLab+5d05c5aa+2023-08-12-23h-56m-15s,FR3-295341-1326595,AUTOLab,True,AUTOLab|Autolab|8833514968,nvidia/Cosmos3-DROID,5c11a20accb11497270a5247a7f1e66ad04c956c
failure,544,AUTOLab/failure/2023-08-12/Sat_Aug_12_23:56:31_2023,118,0,0,101057,101175,0,2,2141.6666666666674,2149.533333333334,0,8,223.06666666666663,230.9333333333333,0,6,1536.9333333333334,1544.8,Autolab,8833514968,AUTOLab+5d05c5aa+2023-08-12-23h-56m-31s,FR3-295341-1326595,AUTOLab,True,AUTOLab|Autolab|8833514968,nvidia/Cosmos3-DROID,5c11a20accb11497270a5247a7f1e66ad04c956c
failure,545,AUTOLab/failure/2023-08-12/Sat_Aug_12_23:57:25_2023,250,0,0,101175,101425,0,2,2149.533333333334,2166.2000000000007,0,8,230.9333333333333,247.6,0,6,1544.8,1561.4666666666667,Autolab,8833514968,AUTOLab+5d05c5aa+2023-08-12-23h-57m-25s,FR3-295341-1326595,AUTOLab,True,AUTOLab|Autolab|8833514968,nvidia/Cosmos3-DROID,5c11a20accb11497270a5247a7f1e66ad04c956c
failure,546,AUTOLab/failure/2023-08-12/Sat_Aug_12_23:58:59_2023,206,0,0,101425,101631,0,2,2166.2000000000007,2179.933333333334,0,8,247.6,261.3333333333333,0,6,1561.4666666666667,1575.2,Autolab,8833514968,AUTOLab+5d05c5aa+2023-08-12-23h-58m-59s,FR3-295341-1326595,AUTOLab,True,AUTOLab|Autolab|8833514968,nvidia/Cosmos3-DROID,5c11a20accb11497270a5247a7f1e66ad04c956c
failure,547,AUTOLab/failure/2023-08-12/Sat_Aug_12_23:59:29_2023,167,0,0,101631,101798,0,2,2179.933333333334,2191.066666666667,0,8,261.3333333333333,272.46666666666664,0,6,1575.2,1586.3333333333337,Autolab,8833514968,AUTOLab+5d05c5aa+2023-08-12-23h-59m-29s,FR3-295341-1326595,AUTOLab,True,AUTOLab|Autolab|8833514968,nvidia/Cosmos3-DROID,5c11a20accb11497270a5247a7f1e66ad04c956c
failure,548,AUTOLab/failure/2023-08-12/Sun_Aug_13_00:00:44_2023,120,0,0,101798,101918,0,2,2191.066666666667,2199.066666666667,0,8,272.46666666666664,280.46666666666664,0,6,1586.3333333333337,1594.3333333333337,Autolab,8833514968,AUTOLab+5d05c5aa+2023-08-13-00h-00m-44s,FR3-295341-1326595,AUTOLab,True,AUTOLab|Autolab|8833514968,nvidia/Cosmos3-DROID,5c11a20accb11497270a5247a7f1e66ad04c956c
failure,549,AUTOLab/failure/2023-08-12/Sun_Aug_13_00:02:46_2023,121,0,0,101918,102039,0,3,0.0,8.066666666666666,0,8,280.46666666666664,288.5333333333333,0,6,1594.3333333333337,1602.4,Autolab,8833514968,AUTOLab+5d05c5aa+2023-08-13-00h-02m-46s,FR3-295341-1326595,AUTOLab,True,AUTOLab|Autolab|8833514968,nvidia/Cosmos3-DROID,5c11a20accb11497270a5247a7f1e66ad04c956c
failure,550,AUTOLab/failure/2023-08-12/Sun_Aug_13_00:03:03_2023,163,0,0,102039,102202,0,3,8.066666666666666,18.933333333333334,0,8,288.5333333333333,299.4,0,6,1602.4,1613.2666666666669,Autolab,8833514968,AUTOLab+5d05c5aa+2023-08-13-00h-03m-03s,FR3-295341-1326595,AUTOLab,True,AUTOLab|Autolab|8833514968,nvidia/Cosmos3-DROID,5c11a20accb11497270a5247a7f1e66ad04c956c
failure,551,AUTOLab/failure/2023-08-12/Sun_Aug_13_00:13:04_2023,114,0,0,102202,102316,0,3,18.933333333333334,26.53333333333333,0,8,299.4,307.0,0,6,1613.2666666666669,1620.8666666666666,Autolab,8833514968,AUTOLab+5d05c5aa+2023-08-13-00h-13m-04s,FR3-295341-1326595,AUTOLab,True,AUTOLab|Autolab|8833514968,nvidia/Cosmos3-DROID,5c11a20accb11497270a5247a7f1e66ad04c956c
failure,552,AUTOLab/failure/2023-08-12/Sun_Aug_13_00:13:20_2023,85,0,0,102316,102401,0,3,26.53333333333333,32.2,0,8,307.0,312.6666666666667,0,6,1620.8666666666666,1626.5333333333333,Autolab,8833514968,AUTOLab+5d05c5aa+2023-08-13-00h-13m-20s,FR3-295341-1326595,AUTOLab,True,AUTOLab|Autolab|8833514968,nvidia/Cosmos3-DROID,5c11a20accb11497270a5247a7f1e66ad04c956c
failure,553,AUTOLab/failure/2023-08-12/Sun_Aug_13_00:15:11_2023,129,0,0,102401,102530,0,3,32.2,40.8,0,8,312.6666666666667,321.2666666666667,0,6,1626.5333333333333,1635.1333333333332,Autolab,8833514968,AUTOLab+5d05c5aa+2023-08-13-00h-15m-11s,FR3-295341-1326595,AUTOLab,True,AUTOLab|Autolab|8833514968,nvidia/Cosmos3-DROID,5c11a20accb11497270a5247a7f1e66ad04c956c
failure,554,AUTOLab/failure/2023-08-12/Sun_Aug_13_00:17:05_2023,177,0,0,102530,102707,0,3,40.8,52.6,0,8,321.2666666666667,333.0666666666667,0,6,1635.1333333333332,1646.9333333333332,Autolab,8833514968,AUTOLab+5d05c5aa+2023-08-13-00h-17m-05s,FR3-295341-1326595,AUTOLab,True,AUTOLab|Autolab|8833514968,nvidia/Cosmos3-DROID,5c11a20accb11497270a5247a7f1e66ad04c956c
failure,555,AUTOLab/failure/2023-08-12/Sun_Aug_13_00:17:32_2023,81,0,0,102707,102788,0,3,52.6,57.99999999999999,0,8,333.0666666666667,338.4666666666667,0,6,1646.9333333333332,1652.3333333333333,Autolab,8833514968,AUTOLab+5d05c5aa+2023-08-13-00h-17m-32s,FR3-295341-1326595,AUTOLab,True,AUTOLab|Autolab|8833514968,nvidia/Cosmos3-DROID,5c11a20accb11497270a5247a7f1e66ad04c956c
failure,613,AUTOLab/failure/2023-08-19/Sat_Aug_19_17:32:57_2023,1378,0,0,111782,113160,0,3,657.6,749.4666666666667,0,9,0.0,91.86666666666666,0,7,599.5999999999999,691.4666666666666,Autolab,5554899983,AUTOLab+t3d58310+2023-08-19-17h-32m-57s,FR3-295341-1326595,AUTOLab,True,AUTOLab|Autolab|5554899983,nvidia/Cosmos3-DROID,5c11a20accb11497270a5247a7f1e66ad04c956c
failure,614,AUTOLab/failure/2023-08-19/Sat_Aug_19_17:34:51_2023,1319,0,0,113160,114479,0,3,749.4666666666667,837.4000000000001,0,9,91.86666666666666,179.8,0,7,691.4666666666666,779.3999999999999,Autolab,5554899983,AUTOLab+t3d58310+2023-08-19-17h-34m-51s,FR3-295341-1326595,AUTOLab,True,AUTOLab|Autolab|5554899983,nvidia/Cosmos3-DROID,5c11a20accb11497270a5247a7f1e66ad04c956c
failure,615,AUTOLab/failure/2023-08-19/Sat_Aug_19_17:40:34_2023,771,0,0,114479,115250,0,3,837.4000000000001,888.8000000000001,0,9,179.8,231.2,0,7,779.3999999999999,830.7999999999998,Autolab,5554899983,AUTOLab+t3d58310+2023-08-19-17h-40m-34s,FR3-295341-1326595,AUTOLab,True,AUTOLab|Autolab|5554899983,nvidia/Cosmos3-DROID,5c11a20accb11497270a5247a7f1e66ad04c956c
failure,616,AUTOLab/failure/2023-08-19/Sat_Aug_19_17:41:40_2023,1221,0,0,115250,116471,0,3,888.8000000000001,970.2,0,9,231.2,312.6,0,7,830.7999999999998,912.1999999999998,Autolab,5554899983,AUTOLab+t3d58310+2023-08-19-17h-41m-40s,FR3-295341-1326595,AUTOLab,True,AUTOLab|Autolab|5554899983,nvidia/Cosmos3-DROID,5c11a20accb11497270a5247a7f1e66ad04c956c
failure,617,AUTOLab/failure/2023-08-19/Sat_Aug_19_17:45:29_2023,272,0,0,116471,116743,0,3,970.2,988.3333333333334,0,9,312.6,330.7333333333333,0,7,912.1999999999998,930.3333333333331,Autolab,5554899983,AUTOLab+t3d58310+2023-08-19-17h-45m-29s,FR3-295341-1326595,AUTOLab,True,AUTOLab|Autolab|5554899983,nvidia/Cosmos3-DROID,5c11a20accb11497270a5247a7f1e66ad04c956c
failure,618,AUTOLab/failure/2023-08-19/Sat_Aug_19_18:51:02_2023,581,0,0,116743,117324,0,3,988.3333333333334,1027.0666666666666,0,9,330.7333333333333,369.4666666666667,0,7,930.3333333333331,969.0666666666664,Autolab,5554899983,AUTOLab+t3d58310+2023-08-19-18h-51m-02s,FR3-295341-1326595,AUTOLab,True,AUTOLab|Autolab|5554899983,nvidia/Cosmos3-DROID,5c11a20accb11497270a5247a7f1e66ad04c956c
failure,643,AUTOLab/failure/2023-08-27/Sun_Aug_27_21:39:47_2023,374,0,0,124401,124775,0,3,1498.866666666666,1523.7999999999993,0,10,0.0,24.933333333333334,0,8,471.8,496.73333333333335,BAIR,6616602912,AUTOLab+84bd5053+2023-08-27-21h-39m-47s,FR3-295341-1326595,AUTOLab,True,AUTOLab|BAIR|6616602912,nvidia/Cosmos3-DROID,5c11a20accb11497270a5247a7f1e66ad04c956c
failure,3509,CLVR/failure/2023-05-16/Tue_May_16_17:52:54_2023,434,0,2,877839,878273,0,29,1799.3333333333337,1828.2666666666669,0,62,1799.3333333333337,1828.2666666666669,0,58,0.0,28.933333333333334,KAIST,4142994792,CLVR+13759f6e+2023-05-16-17h-52m-54s,295341-1325882,CLVR,True,CLVR|KAIST|4142994792,nvidia/Cosmos3-DROID,5c11a20accb11497270a5247a7f1e66ad04c956c
failure,3510,CLVR/failure/2023-05-16/Tue_May_16_17:54:27_2023,357,0,2,878273,878630,0,29,1828.2666666666669,1852.0666666666668,0,62,1828.2666666666669,1852.0666666666668,0,58,28.933333333333334,52.73333333333333,KAIST,4142994792,CLVR+13759f6e+2023-05-16-17h-54m-27s,295341-1325882,CLVR,True,CLVR|KAIST|4142994792,nvidia/Cosmos3-DROID,5c11a20accb11497270a5247a7f1e66ad04c956c
failure,3511,CLVR/failure/2023-05-16/Tue_May_16_17:57:07_2023,288,0,2,878630,878918,0,29,1852.0666666666668,1871.2666666666669,0,62,1852.0666666666668,1871.2666666666669,0,58,52.73333333333333,71.93333333333334,KAIST,4142994792,CLVR+13759f6e+2023-05-16-17h-57m-07s,295341-1325882,CLVR,True,CLVR|KAIST|4142994792,nvidia/Cosmos3-DROID,5c11a20accb11497270a5247a7f1e66ad04c956c
failure,3512,CLVR/failure/2023-05-16/Tue_May_16_17:58:30_2023,361,0,2,878918,879279,0,29,1871.2666666666669,1895.3333333333333,0,62,1871.2666666666669,1895.3333333333333,0,58,71.93333333333334,96.0,KAIST,4142994792,CLVR+13759f6e+2023-05-16-17h-58m-30s,295341-1325882,CLVR,True,CLVR|KAIST|4142994792,nvidia/Cosmos3-DROID,5c11a20accb11497270a5247a7f1e66ad04c956c
failure,3513,CLVR/failure/2023-05-16/Tue_May_16_18:00:27_2023,142,0,2,879279,879421,0,29,1895.3333333333333,1904.8,0,62,1895.3333333333333,1904.8,0,58,96.0,105.46666666666668,KAIST,4142994792,CLVR+13759f6e+2023-05-16-18h-00m-27s,295341-1325882,CLVR,True,CLVR|KAIST|4142994792,nvidia/Cosmos3-DROID,5c11a20accb11497270a5247a7f1e66ad04c956c
failure,3514,CLVR/failure/2023-05-16/Tue_May_16_18:01:58_2023,521,0,2,879421,879942,0,29,1904.8,1939.5333333333333,0,62,1904.8,1939.5333333333333,0,58,105.46666666666668,140.2,KAIST,4142994792,CLVR+13759f6e+2023-05-16-18h-01m-58s,295341-1325882,CLVR,True,CLVR|KAIST|4142994792,nvidia/Cosmos3-DROID,5c11a20accb11497270a5247a7f1e66ad04c956c
failure,3515,CLVR/failure/2023-05-16/Tue_May_16_18:02:47_2023,81,0,2,879942,880023,0,29,1939.5333333333333,1944.9333333333336,0,62,1939.5333333333333,1944.9333333333336,0,58,140.2,145.6,KAIST,4142994792,CLVR+13759f6e+2023-05-16-18h-02m-47s,295341-1325882,CLVR,True,CLVR|KAIST|4142994792,nvidia/Cosmos3-DROID,5c11a20accb11497270a5247a7f1e66ad04c956c
failure,3516,CLVR/failure/2023-05-16/Tue_May_16_19:18:55_2023,160,0,2,880023,880183,0,29,1944.9333333333336,1955.6000000000004,0,62,1944.9333333333336,1955.6000000000004,0,58,145.6,156.26666666666665,KAIST,4142994792,CLVR+236539bc+2023-05-16-19h-18m-55s,295341-1325882,CLVR,True,CLVR|KAIST|4142994792,nvidia/Cosmos3-DROID,5c11a20accb11497270a5247a7f1e66ad04c956c
failure,3517,CLVR/failure/2023-05-16/Tue_May_16_19:21:17_2023,193,0,2,880183,880376,0,29,1955.6000000000004,1968.466666666667,0,62,1955.6000000000004,1968.466666666667,0,58,156.26666666666665,169.13333333333333,KAIST,4142994792,CLVR+236539bc+2023-05-16-19h-21m-17s,295341-1325882,CLVR,True,CLVR|KAIST|4142994792,nvidia/Cosmos3-DROID,5c11a20accb11497270a5247a7f1e66ad04c956c
failure,3518,CLVR/failure/2023-05-16/Tue_May_16_19:30:04_2023,350,0,2,880376,880726,0,29,1968.466666666667,1991.8,0,62,1968.466666666667,1991.8,0,58,169.13333333333333,192.46666666666667,KAIST,4142994792,CLVR+236539bc+2023-05-16-19h-30m-04s,295341-1325882,CLVR,True,CLVR|KAIST|4142994792,nvidia/Cosmos3-DROID,5c11a20accb11497270a5247a7f1e66ad04c956c
failure,3519,CLVR/failure/2023-05-16/Tue_May_16_19:32:16_2023,187,0,2,880726,880913,0,29,1991.8,2004.2666666666669,0,62,1991.8,2004.2666666666669,0,58,192.46666666666667,204.9333333333333,KAIST,4142994792,CLVR+236539bc+2023-05-16-19h-32m-16s,295341-1325882,CLVR,True,CLVR|KAIST|4142994792,nvidia/Cosmos3-DROID,5c11a20accb11497270a5247a7f1e66ad04c956c
failure,3520,CLVR/failure/2023-05-16/Tue_May_16_19:39:55_2023,155,0,2,880913,881068,0,29,2004.2666666666669,2014.6,0,62,2004.2666666666669,2014.6,0,58,204.9333333333333,215.26666666666668,KAIST,4142994792,CLVR+236539bc+2023-05-16-19h-39m-55s,295341-1325882,CLVR,True,CLVR|KAIST|4142994792,nvidia/Cosmos3-DROID,5c11a20accb11497270a5247a7f1e66ad04c956c
failure,3521,CLVR/failure/2023-05-16/Tue_May_16_19:51:49_2023,261,0,2,881068,881329,0,29,2014.6,2032.0,0,62,2014.6,2032.0,0,58,215.26666666666668,232.66666666666669,KAIST,1959308322,CLVR+236539bc+2023-05-16-19h-51m-49s,295341-1325882,CLVR,True,CLVR|KAIST|1959308322,nvidia/Cosmos3-DROID,5c11a20accb11497270a5247a7f1e66ad04c956c
failure,3522,CLVR/failure/2023-05-16/Tue_May_16_20:08:37_2023,244,0,2,881329,881573,0,29,2032.0,2048.266666666667,0,62,2032.0,2048.266666666667,0,58,232.66666666666669,248.9333333333333,KAIST,1959308322,CLVR+236539bc+2023-05-16-20h-08m-37s,295341-1325882,CLVR,True,CLVR|KAIST|1959308322,nvidia/Cosmos3-DROID,5c11a20accb11497270a5247a7f1e66ad04c956c
failure,3777,GuptaLab/failure/2023-04-20/Thu_Apr_20_12:38:54_2023,225,0,2,927230,927455,0,31,0.0,15.0,0,66,0.0,15.0,0,61,0.0,15.0,Smith Hall Fetch Lab,2258646255,GuptaLab+553d1bd5+2023-04-20-12h-38m-54s,295341-1325237,GuptaLab,False,GuptaLab|Smith Hall Fetch Lab|2258646255,nvidia/Cosmos3-DROID,5c11a20accb11497270a5247a7f1e66ad04c956c
failure,3778,GuptaLab/failure/2023-04-20/Thu_Apr_20_12:42:33_2023,178,0,2,927455,927633,0,31,15.0,26.866666666666667,0,66,15.0,26.866666666666667,0,61,15.0,26.866666666666667,Smith Hall Fetch Lab,4481766701,GuptaLab+553d1bd5+2023-04-20-12h-42m-33s,295341-1325237,GuptaLab,True,GuptaLab|Smith Hall Fetch Lab|4481766701,nvidia/Cosmos3-DROID,5c11a20accb11497270a5247a7f1e66ad04c956c
failure,3779,GuptaLab/failure/2023-04-20/Thu_Apr_20_12:48:29_2023,489,0,2,927633,928122,0,31,26.866666666666667,59.46666666666667,0,66,26.866666666666667,59.46666666666667,0,61,26.866666666666667,59.46666666666667,Smith Hall Fetch Lab,4481766701,GuptaLab+553d1bd5+2023-04-20-12h-48m-29s,295341-1325237,GuptaLab,True,GuptaLab|Smith Hall Fetch Lab|4481766701,nvidia/Cosmos3-DROID,5c11a20accb11497270a5247a7f1e66ad04c956c
failure,3781,GuptaLab/failure/2023-04-20/Thu_Apr_20_13:02:19_2023,206,0,2,928251,928457,0,31,68.06666666666666,81.8,0,66,68.06666666666666,81.8,0,61,68.06666666666666,81.8,Smith Hall Fetch Lab,4481766701,GuptaLab+553d1bd5+2023-04-20-13h-02m-19s,295341-1325237,GuptaLab,True,GuptaLab|Smith Hall Fetch Lab|4481766701,nvidia/Cosmos3-DROID,5c11a20accb11497270a5247a7f1e66ad04c956c
failure,3783,GuptaLab/failure/2023-04-20/Thu_Apr_20_13:15:30_2023,176,0,2,928780,928956,0,31,103.33333333333331,115.06666666666666,0,66,103.33333333333331,115.06666666666666,0,61,103.33333333333331,115.06666666666666,Smith Hall Fetch Lab,4481766701,GuptaLab+553d1bd5+2023-04-20-13h-15m-30s,295341-1325237,GuptaLab,True,GuptaLab|Smith Hall Fetch Lab|4481766701,nvidia/Cosmos3-DROID,5c11a20accb11497270a5247a7f1e66ad04c956c
failure,3784,GuptaLab/failure/2023-04-20/Thu_Apr_20_13:20:02_2023,75,0,2,928956,929031,0,31,115.06666666666666,120.06666666666666,0,66,115.06666666666666,120.06666666666666,0,61,115.06666666666666,120.06666666666666,Smith Hall Fetch Lab,4481766701,GuptaLab+553d1bd5+2023-04-20-13h-20m-02s,295341-1325237,GuptaLab,True,GuptaLab|Smith Hall Fetch Lab|4481766701,nvidia/Cosmos3-DROID,5c11a20accb11497270a5247a7f1e66ad04c956c
failure,4085,ILIAD/failure/2023-05-19/Fri_May_19_12:43:05_2023,598,0,3,1013521,1014119,0,35,47.53333333333333,87.4,0,72,0.0,39.86666666666667,0,66,757.7999999999998,797.6666666666665,Gates,2403599495,ILIAD+7ae1bcff+2023-05-19-12h-43m-05s,295341-1325494,ILIAD,True,ILIAD|Gates|2403599495,nvidia/Cosmos3-DROID,5c11a20accb11497270a5247a7f1e66ad04c956c
failure,4086,ILIAD/failure/2023-05-19/Fri_May_19_12:51:31_2023,394,0,3,1014119,1014513,0,35,87.4,113.66666666666669,0,72,39.86666666666667,66.13333333333333,0,66,797.6666666666665,823.9333333333332,Gates,2403599495,ILIAD+7ae1bcff+2023-05-19-12h-51m-31s,295341-1325494,ILIAD,True,ILIAD|Gates|2403599495,nvidia/Cosmos3-DROID,5c11a20accb11497270a5247a7f1e66ad04c956c
failure,4087,ILIAD/failure/2023-05-22/Mon_May_22_14:49:06_2023,628,0,3,1014513,1015141,0,35,113.66666666666669,155.53333333333333,0,72,66.13333333333333,108.0,0,66,823.9333333333332,865.7999999999998,Gates,7871118777,ILIAD+7ae1bcff+2023-05-22-14h-49m-06s,295341-1325494,ILIAD,True,ILIAD|Gates|7871118777,nvidia/Cosmos3-DROID,5c11a20accb11497270a5247a7f1e66ad04c956c
failure,4088,ILIAD/failure/2023-05-22/Mon_May_22_14:53:32_2023,341,0,3,1015141,1015482,0,35,155.53333333333333,178.26666666666665,0,72,108.0,130.73333333333335,0,66,865.7999999999998,888.5333333333332,Gates,7871118777,ILIAD+7ae1bcff+2023-05-22-14h-53m-32s,295341-1325494,ILIAD,True,ILIAD|Gates|7871118777,nvidia/Cosmos3-DROID,5c11a20accb11497270a5247a7f1e66ad04c956c
failure,4089,ILIAD/failure/2023-05-22/Mon_May_22_15:00:52_2023,233,0,3,1015482,1015715,0,35,178.26666666666665,193.8,0,72,130.73333333333335,146.26666666666668,0,66,888.5333333333332,904.0666666666664,Gates,7871118777,ILIAD+7ae1bcff+2023-05-22-15h-00m-52s,295341-1325494,ILIAD,True,ILIAD|Gates|7871118777,nvidia/Cosmos3-DROID,5c11a20accb11497270a5247a7f1e66ad04c956c
failure,4090,ILIAD/failure/2023-05-22/Mon_May_22_15:01:19_2023,294,0,3,1015715,1016009,0,35,193.8,213.4,0,72,146.26666666666668,165.86666666666667,0,66,904.0666666666664,923.6666666666664,Gates,7871118777,ILIAD+7ae1bcff+2023-05-22-15h-01m-19s,295341-1325494,ILIAD,True,ILIAD|Gates|7871118777,nvidia/Cosmos3-DROID,5c11a20accb11497270a5247a7f1e66ad04c956c
failure,4091,ILIAD/failure/2023-05-22/Mon_May_22_16:27:30_2023,237,0,3,1016009,1016246,0,35,213.4,229.2,0,72,165.86666666666667,181.66666666666669,0,66,923.6666666666664,939.4666666666664,Gates,7871118777,ILIAD+7ae1bcff+2023-05-22-16h-27m-30s,295341-1325494,ILIAD,True,ILIAD|Gates|7871118777,nvidia/Cosmos3-DROID,5c11a20accb11497270a5247a7f1e66ad04c956c
failure,4092,ILIAD/failure/2023-05-22/Mon_May_22_16:28:02_2023,759,0,3,1016246,1017005,0,35,229.2,279.8,0,72,181.66666666666669,232.26666666666668,0,67,0.0,50.6,Gates,7871118777,ILIAD+7ae1bcff+2023-05-22-16h-28m-02s,295341-1325494,ILIAD,True,ILIAD|Gates|7871118777,nvidia/Cosmos3-DROID,5c11a20accb11497270a5247a7f1e66ad04c956c
failure,4093,ILIAD/failure/2023-05-22/Mon_May_22_16:31:07_2023,284,0,3,1017005,1017289,0,35,279.8,298.7333333333333,0,72,232.26666666666668,251.2,0,67,50.6,69.53333333333333,Gates,7871118777,ILIAD+7ae1bcff+2023-05-22-16h-31m-07s,295341-1325494,ILIAD,True,ILIAD|Gates|7871118777,nvidia/Cosmos3-DROID,5c11a20accb11497270a5247a7f1e66ad04c956c
failure,4094,ILIAD/failure/2023-05-22/Mon_May_22_16:36:09_2023,282,0,3,1017289,1017571,0,35,298.7333333333333,317.53333333333336,0,72,251.2,270.0,0,67,69.53333333333333,88.33333333333333,Gates,7871118777,ILIAD+7ae1bcff+2023-05-22-16h-36m-09s,295341-1325494,ILIAD,True,ILIAD|Gates|7871118777,nvidia/Cosmos3-DROID,5c11a20accb11497270a5247a7f1e66ad04c956c
failure,4095,ILIAD/failure/2023-05-22/Mon_May_22_17:03:10_2023,181,0,3,1017571,1017752,0,35,317.53333333333336,329.6,0,72,270.0,282.06666666666666,0,67,88.33333333333333,100.4,Gates,7871118777,ILIAD+7ae1bcff+2023-05-22-17h-03m-10s,295341-1325494,ILIAD,True,ILIAD|Gates|7871118777,nvidia/Cosmos3-DROID,5c11a20accb11497270a5247a7f1e66ad04c956c
failure,4096,ILIAD/failure/2023-05-22/Mon_May_22_17:08:17_2023,628,0,3,1017752,1018380,0,35,329.6,371.4666666666667,0,72,282.06666666666666,323.93333333333334,0,67,100.4,142.26666666666665,Gates,1107240149,ILIAD+7ae1bcff+2023-05-22-17h-08m-17s,295341-1325494,ILIAD,True,ILIAD|Gates|1107240149,nvidia/Cosmos3-DROID,5c11a20accb11497270a5247a7f1e66ad04c956c
failure,4097,ILIAD/failure/2023-05-22/Mon_May_22_17:11:27_2023,206,0,3,1018380,1018586,0,35,371.4666666666667,385.2000000000001,0,72,323.93333333333334,337.6666666666667,0,67,142.26666666666665,155.99999999999997,Gates,1107240149,ILIAD+7ae1bcff+2023-05-22-17h-11m-27s,295341-1325494,ILIAD,True,ILIAD|Gates|1107240149,nvidia/Cosmos3-DROID,5c11a20accb11497270a5247a7f1e66ad04c956c
failure,4098,ILIAD/failure/2023-05-22/Mon_May_22_17:14:25_2023,210,0,3,1018586,1018796,0,35,385.2000000000001,399.2000000000001,0,72,337.6666666666667,351.6666666666667,0,67,155.99999999999997,169.99999999999997,Gates,1107240149,ILIAD+7ae1bcff+2023-05-22-17h-14m-25s,295341-1325494,ILIAD,True,ILIAD|Gates|1107240149,nvidia/Cosmos3-DROID,5c11a20accb11497270a5247a7f1e66ad04c956c
failure,4099,ILIAD/failure/2023-05-22/Mon_May_22_17:17:08_2023,272,0,3,1018796,1019068,0,35,399.2000000000001,417.33333333333337,0,72,351.6666666666667,369.8,0,67,169.99999999999997,188.1333333333333,Gates,1107240149,ILIAD+7ae1bcff+2023-05-22-17h-17m-08s,295341-1325494,ILIAD,True,ILIAD|Gates|1107240149,nvidia/Cosmos3-DROID,5c11a20accb11497270a5247a7f1e66ad04c956c
failure,4100,ILIAD/failure/2023-05-22/Mon_May_22_17:19:14_2023,200,0,3,1019068,1019268,0,35,417.33333333333337,430.6666666666667,0,72,369.8,383.1333333333333,0,67,188.1333333333333,201.46666666666664,Gates,1107240149,ILIAD+7ae1bcff+2023-05-22-17h-19m-14s,295341-1325494,ILIAD,True,ILIAD|Gates|1107240149,nvidia/Cosmos3-DROID,5c11a20accb11497270a5247a7f1e66ad04c956c
failure,4101,ILIAD/failure/2023-05-22/Mon_May_22_17:22:12_2023,255,0,3,1019268,1019523,0,35,430.6666666666667,447.6666666666667,0,72,383.1333333333333,400.1333333333333,0,67,201.46666666666664,218.46666666666664,Gates,1107240149,ILIAD+7ae1bcff+2023-05-22-17h-22m-12s,295341-1325494,ILIAD,True,ILIAD|Gates|1107240149,nvidia/Cosmos3-DROID,5c11a20accb11497270a5247a7f1e66ad04c956c
failure,4102,ILIAD/failure/2023-05-22/Mon_May_22_17:25:15_2023,911,0,3,1019523,1020434,0,35,447.6666666666667,508.4,0,72,400.1333333333333,460.8666666666667,0,67,218.46666666666664,279.2,Gates,1107240149,ILIAD+7ae1bcff+2023-05-22-17h-25m-15s,295341-1325494,ILIAD,True,ILIAD|Gates|1107240149,nvidia/Cosmos3-DROID,5c11a20accb11497270a5247a7f1e66ad04c956c
failure,4103,ILIAD/failure/2023-05-22/Mon_May_22_17:26:46_2023,223,0,3,1020434,1020657,0,35,508.4,523.2666666666667,0,72,460.8666666666667,475.73333333333335,0,67,279.2,294.06666666666666,Gates,1107240149,ILIAD+7ae1bcff+2023-05-22-17h-26m-46s,295341-1325494,ILIAD,True,ILIAD|Gates|1107240149,nvidia/Cosmos3-DROID,5c11a20accb11497270a5247a7f1e66ad04c956c
failure,4104,ILIAD/failure/2023-05-22/Mon_May_22_17:30:42_2023,256,0,3,1020657,1020913,0,35,523.2666666666667,540.3333333333334,0,72,475.73333333333335,492.8,0,67,294.06666666666666,311.1333333333333,Gates,1107240149,ILIAD+7ae1bcff+2023-05-22-17h-30m-42s,295341-1325494,ILIAD,True,ILIAD|Gates|1107240149,nvidia/Cosmos3-DROID,5c11a20accb11497270a5247a7f1e66ad04c956c
failure,4105,ILIAD/failure/2023-05-22/Mon_May_22_17:38:32_2023,332,0,3,1020913,1021245,0,35,540.3333333333334,562.4666666666667,0,72,492.8,514.9333333333334,0,67,311.1333333333333,333.26666666666665,Gates,1107240149,ILIAD+7ae1bcff+2023-05-22-17h-38m-32s,295341-1325494,ILIAD,True,ILIAD|Gates|1107240149,nvidia/Cosmos3-DROID,5c11a20accb11497270a5247a7f1e66ad04c956c
failure,4106,ILIAD/failure/2023-05-22/Mon_May_22_17:39:26_2023,439,0,3,1021245,1021684,0,35,562.4666666666667,591.7333333333333,0,72,514.9333333333334,544.2,0,67,333.26666666666665,362.5333333333333,Gates,1107240149,ILIAD+7ae1bcff+2023-05-22-17h-39m-26s,295341-1325494,ILIAD,True,ILIAD|Gates|1107240149,nvidia/Cosmos3-DROID,5c11a20accb11497270a5247a7f1e66ad04c956c
failure,4107,ILIAD/failure/2023-05-22/Mon_May_22_17:45:12_2023,214,0,3,1021684,1021898,0,35,591.7333333333333,606.0,0,72,544.2,558.4666666666667,0,67,362.5333333333333,376.8,Gates,1107240149,ILIAD+7ae1bcff+2023-05-22-17h-45m-12s,295341-1325494,ILIAD,True,ILIAD|Gates|1107240149,nvidia/Cosmos3-DROID,5c11a20accb11497270a5247a7f1e66ad04c956c
failure,4108,ILIAD/failure/2023-05-22/Mon_May_22_17:51:44_2023,267,0,3,1021898,1022165,0,35,606.0,623.8,0,72,558.4666666666667,576.2666666666667,0,67,376.8,394.6,Gates,1107240149,ILIAD+7ae1bcff+2023-05-22-17h-51m-44s,295341-1325494,ILIAD,True,ILIAD|Gates|1107240149,nvidia/Cosmos3-DROID,5c11a20accb11497270a5247a7f1e66ad04c956c
failure,4109,ILIAD/failure/2023-05-22/Mon_May_22_18:01:50_2023,200,0,3,1022165,1022365,0,35,623.8,637.1333333333333,0,72,576.2666666666667,589.6,0,67,394.6,407.9333333333333,Gates,1107240149,ILIAD+7ae1bcff+2023-05-22-18h-01m-50s,295341-1325494,ILIAD,True,ILIAD|Gates|1107240149,nvidia/Cosmos3-DROID,5c11a20accb11497270a5247a7f1e66ad04c956c
failure,4110,ILIAD/failure/2023-05-23/Tue_May_23_19:07:29_2023,102,0,3,1022365,1022467,0,35,637.1333333333333,643.9333333333333,0,72,589.6,596.4,0,67,407.9333333333333,414.7333333333333,Gates,4102487504,ILIAD+7ae1bcff+2023-05-23-19h-07m-29s,295341-1325494,ILIAD,True,ILIAD|Gates|4102487504,nvidia/Cosmos3-DROID,5c11a20accb11497270a5247a7f1e66ad04c956c
failure,4111,ILIAD/failure/2023-05-23/Tue_May_23_19:10:39_2023,279,0,3,1022467,1022746,0,35,643.9333333333333,662.5333333333333,0,72,596.4,615.0,0,67,414.7333333333333,433.3333333333333,Gates,4102487504,ILIAD+7ae1bcff+2023-05-23-19h-10m-39s,295341-1325494,ILIAD,True,ILIAD|Gates|4102487504,nvidia/Cosmos3-DROID,5c11a20accb11497270a5247a7f1e66ad04c956c
failure,4112,ILIAD/failure/2023-05-23/Tue_May_23_19:13:28_2023,173,0,3,1022746,1022919,0,35,662.5333333333333,674.0666666666666,0,72,615.0,626.5333333333333,0,67,433.3333333333333,444.8666666666667,Gates,4102487504,ILIAD+7ae1bcff+2023-05-23-19h-13m-28s,295341-1325494,ILIAD,True,ILIAD|Gates|4102487504,nvidia/Cosmos3-DROID,5c11a20accb11497270a5247a7f1e66ad04c956c
failure,4113,ILIAD/failure/2023-05-23/Tue_May_23_19:15:54_2023,277,0,3,1022919,1023196,0,35,674.0666666666666,692.5333333333333,0,72,626.5333333333333,645.0,0,67,444.8666666666667,463.3333333333333,Gates,4102487504,ILIAD+7ae1bcff+2023-05-23-19h-15m-54s,295341-1325494,ILIAD,True,ILIAD|Gates|4102487504,nvidia/Cosmos3-DROID,5c11a20accb11497270a5247a7f1e66ad04c956c
failure,4114,ILIAD/failure/2023-05-23/Tue_May_23_19:18:52_2023,326,0,3,1023196,1023522,0,35,692.5333333333333,714.2666666666667,0,72,645.0,666.7333333333333,0,67,463.3333333333333,485.06666666666666,Gates,4102487504,ILIAD+7ae1bcff+2023-05-23-19h-18m-52s,295341-1325494,ILIAD,True,ILIAD|Gates|4102487504,nvidia/Cosmos3-DROID,5c11a20accb11497270a5247a7f1e66ad04c956c
failure,4115,ILIAD/failure/2023-05-23/Tue_May_23_19:27:26_2023,186,0,3,1023522,1023708,0,35,714.2666666666667,726.6666666666666,0,72,666.7333333333333,679.1333333333333,0,67,485.06666666666666,497.4666666666666,Gates,4102487504,ILIAD+7ae1bcff+2023-05-23-19h-27m-26s,295341-1325494,ILIAD,True,ILIAD|Gates|4102487504,nvidia/Cosmos3-DROID,5c11a20accb11497270a5247a7f1e66ad04c956c
failure,4116,ILIAD/failure/2023-05-23/Tue_May_23_19:27:50_2023,252,0,3,1023708,1023960,0,35,726.6666666666666,743.4666666666666,0,72,679.1333333333333,695.9333333333333,0,67,497.4666666666666,514.2666666666667,Gates,4102487504,ILIAD+7ae1bcff+2023-05-23-19h-27m-50s,295341-1325494,ILIAD,True,ILIAD|Gates|4102487504,nvidia/Cosmos3-DROID,5c11a20accb11497270a5247a7f1e66ad04c956c
failure,4117,ILIAD/failure/2023-05-23/Tue_May_23_19:37:10_2023,251,0,3,1023960,1024211,0,35,743.4666666666666,760.1999999999999,0,72,695.9333333333333,712.6666666666666,0,67,514.2666666666667,531.0,Gates,4102487504,ILIAD+7ae1bcff+2023-05-23-19h-37m-10s,295341-1325494,ILIAD,True,ILIAD|Gates|4102487504,nvidia/Cosmos3-DROID,5c11a20accb11497270a5247a7f1e66ad04c956c
failure,4118,ILIAD/failure/2023-05-23/Tue_May_23_19:38:43_2023,195,0,3,1024211,1024406,0,35,760.1999999999999,773.1999999999999,0,72,712.6666666666666,725.6666666666666,0,67,531.0,544.0,Gates,4102487504,ILIAD+7ae1bcff+2023-05-23-19h-38m-43s,295341-1325494,ILIAD,True,ILIAD|Gates|4102487504,nvidia/Cosmos3-DROID,5c11a20accb11497270a5247a7f1e66ad04c956c
failure,4203,ILIAD/failure/2023-05-30/Tue_May_30_18:44:47_2023,410,0,3,1048091,1048501,0,36,859.2,886.5333333333334,0,75,0.0,27.33333333333333,0,69,438.5333333333333,465.8666666666666,Gates,9529990990,ILIAD+7ae1bcff+2023-05-30-18h-44m-47s,295341-1325494,ILIAD,True,ILIAD|Gates|9529990990,nvidia/Cosmos3-DROID,5c11a20accb11497270a5247a7f1e66ad04c956c
failure,4204,ILIAD/failure/2023-05-30/Tue_May_30_18:46:02_2023,347,0,3,1048501,1048848,0,36,886.5333333333334,909.6666666666669,0,75,27.33333333333333,50.46666666666667,0,69,465.8666666666666,489.0,Gates,9529990990,ILIAD+7ae1bcff+2023-05-30-18h-46m-02s,295341-1325494,ILIAD,True,ILIAD|Gates|9529990990,nvidia/Cosmos3-DROID,5c11a20accb11497270a5247a7f1e66ad04c956c
failure,4205,ILIAD/failure/2023-05-30/Tue_May_30_18:48:16_2023,372,0,3,1048848,1049220,0,36,909.6666666666669,934.4666666666668,0,75,50.46666666666667,75.26666666666667,0,69,489.0,513.8,Gates,9529990990,ILIAD+7ae1bcff+2023-05-30-18h-48m-16s,295341-1325494,ILIAD,True,ILIAD|Gates|9529990990,nvidia/Cosmos3-DROID,5c11a20accb11497270a5247a7f1e66ad04c956c
failure,4206,ILIAD/failure/2023-05-30/Tue_May_30_18:49:06_2023,460,0,3,1049220,1049680,0,36,934.4666666666668,965.1333333333332,0,75,75.26666666666667,105.93333333333334,0,69,513.8,544.4666666666666,Gates,9529990990,ILIAD+7ae1bcff+2023-05-30-18h-49m-06s,295341-1325494,ILIAD,True,ILIAD|Gates|9529990990,nvidia/Cosmos3-DROID,5c11a20accb11497270a5247a7f1e66ad04c956c
failure,4207,ILIAD/failure/2023-05-30/Tue_May_30_18:49:56_2023,324,0,3,1049680,1050004,0,36,965.1333333333332,986.7333333333332,0,75,105.93333333333334,127.53333333333332,0,69,544.4666666666666,566.0666666666666,Gates,9529990990,ILIAD+7ae1bcff+2023-05-30-18h-49m-56s,295341-1325494,ILIAD,True,ILIAD|Gates|9529990990,nvidia/Cosmos3-DROID,5c11a20accb11497270a5247a7f1e66ad04c956c
failure,4208,ILIAD/failure/2023-05-30/Tue_May_30_18:52:33_2023,500,0,3,1050004,1050504,0,36,986.7333333333332,1020.0666666666668,0,75,127.53333333333332,160.86666666666667,0,69,566.0666666666666,599.4,Gates,9529990990,ILIAD+7ae1bcff+2023-05-30-18h-52m-33s,295341-1325494,ILIAD,True,ILIAD|Gates|9529990990,nvidia/Cosmos3-DROID,5c11a20accb11497270a5247a7f1e66ad04c956c
failure,4209,ILIAD/failure/2023-05-30/Tue_May_30_18:54:11_2023,331,0,3,1050504,1050835,0,36,1020.0666666666668,1042.1333333333334,0,75,160.86666666666667,182.9333333333333,0,69,599.4,621.4666666666667,Gates,9529990990,ILIAD+7ae1bcff+2023-05-30-18h-54m-11s,295341-1325494,ILIAD,True,ILIAD|Gates|9529990990,nvidia/Cosmos3-DROID,5c11a20accb11497270a5247a7f1e66ad04c956c
failure,4210,ILIAD/failure/2023-05-30/Tue_May_30_18:54:45_2023,218,0,3,1050835,1051053,0,36,1042.1333333333334,1056.6666666666667,0,75,182.9333333333333,197.46666666666667,0,69,621.4666666666667,636.0,Gates,9529990990,ILIAD+7ae1bcff+2023-05-30-18h-54m-45s,295341-1325494,ILIAD,True,ILIAD|Gates|9529990990,nvidia/Cosmos3-DROID,5c11a20accb11497270a5247a7f1e66ad04c956c
failure,5257,IPRL/failure/2023-04-21/Fri_Apr_21_21:01:34_2023,137,0,4,1369695,1369832,0,48,1707.8666666666654,1716.9999999999989,0,97,0.0,9.133333333333333,0,88,939.3333333333336,948.4666666666668,Gates,6078642573,IPRL+7790ec0a+2023-04-21-21h-01m-34s,295341-1325480,IPRL,True,IPRL|Gates|6078642573,nvidia/Cosmos3-DROID,5c11a20accb11497270a5247a7f1e66ad04c956c
failure,5258,IPRL/failure/2023-04-21/Fri_Apr_21_21:02:39_2023,156,0,4,1369832,1369988,0,48,1716.9999999999989,1727.399999999999,0,97,9.133333333333333,19.53333333333333,0,89,0.0,10.4,Gates,6078642573,IPRL+7790ec0a+2023-04-21-21h-02m-39s,295341-1325480,IPRL,True,IPRL|Gates|6078642573,nvidia/Cosmos3-DROID,5c11a20accb11497270a5247a7f1e66ad04c956c
failure,5259,IPRL/failure/2023-04-21/Fri_Apr_21_21:04:12_2023,147,0,4,1369988,1370135,0,48,1727.399999999999,1737.199999999999,0,97,19.53333333333333,29.33333333333333,0,89,10.4,20.200000000000003,Gates,6078642573,IPRL+7790ec0a+2023-04-21-21h-04m-12s,295341-1325480,IPRL,True,IPRL|Gates|6078642573,nvidia/Cosmos3-DROID,5c11a20accb11497270a5247a7f1e66ad04c956c
failure,5260,IPRL/failure/2023-04-21/Fri_Apr_21_21:10:16_2023,262,0,4,1370135,1370397,0,48,1737.199999999999,1754.6666666666656,0,97,29.33333333333333,46.8,0,89,20.200000000000003,37.66666666666667,Gates,6078642573,IPRL+7790ec0a+2023-04-21-21h-10m-16s,295341-1325480,IPRL,True,IPRL|Gates|6078642573,nvidia/Cosmos3-DROID,5c11a20accb11497270a5247a7f1e66ad04c956c
failure,5262,IPRL/failure/2023-04-21/Fri_Apr_21_21:11:44_2023,238,0,4,1370406,1370644,0,48,1755.2666666666655,1771.133333333332,0,97,47.4,63.266666666666666,0,89,38.26666666666667,54.13333333333334,Gates,6078642573,IPRL+7790ec0a+2023-04-21-21h-11m-44s,295341-1325480,IPRL,True,IPRL|Gates|6078642573,nvidia/Cosmos3-DROID,5c11a20accb11497270a5247a7f1e66ad04c956c
failure,5263,IPRL/failure/2023-04-21/Fri_Apr_21_21:13:01_2023,143,0,4,1370644,1370787,0,48,1771.133333333332,1780.6666666666654,0,97,63.266666666666666,72.8,0,89,54.13333333333334,63.66666666666667,Gates,6078642573,IPRL+7790ec0a+2023-04-21-21h-13m-01s,295341-1325480,IPRL,True,IPRL|Gates|6078642573,nvidia/Cosmos3-DROID,5c11a20accb11497270a5247a7f1e66ad04c956c
failure,5264,IPRL/failure/2023-04-21/Fri_Apr_21_21:15:42_2023,73,0,4,1370787,1370860,0,48,1780.6666666666654,1785.533333333332,0,97,72.8,77.66666666666666,0,89,63.66666666666667,68.53333333333333,Gates,6078642573,IPRL+7790ec0a+2023-04-21-21h-15m-42s,295341-1325480,IPRL,True,IPRL|Gates|6078642573,nvidia/Cosmos3-DROID,5c11a20accb11497270a5247a7f1e66ad04c956c
failure,5265,IPRL/failure/2023-04-21/Fri_Apr_21_21:17:53_2023,232,0,4,1370860,1371092,0,48,1785.533333333332,1800.9999999999986,0,97,77.66666666666666,93.13333333333333,0,89,68.53333333333333,84.0,Gates,6078642573,IPRL+7790ec0a+2023-04-21-21h-17m-53s,295341-1325480,IPRL,True,IPRL|Gates|6078642573,nvidia/Cosmos3-DROID,5c11a20accb11497270a5247a7f1e66ad04c956c
failure,5266,IPRL/failure/2023-04-21/Fri_Apr_21_21:18:46_2023,405,0,4,1371092,1371497,0,48,1800.9999999999986,1827.9999999999984,0,97,93.13333333333333,120.13333333333333,0,89,84.0,111.0,Gates,6078642573,IPRL+7790ec0a+2023-04-21-21h-18m-46s,295341-1325480,IPRL,True,IPRL|Gates|6078642573,nvidia/Cosmos3-DROID,5c11a20accb11497270a5247a7f1e66ad04c956c
failure,5268,IPRL/failure/2023-04-21/Fri_Apr_21_21:21:45_2023,270,0,4,1371505,1371775,0,48,1828.533333333332,1846.533333333332,0,97,120.66666666666666,138.66666666666666,0,89,111.53333333333332,129.53333333333333,Gates,6078642573,IPRL+7790ec0a+2023-04-21-21h-21m-45s,295341-1325480,IPRL,True,IPRL|Gates|6078642573,nvidia/Cosmos3-DROID,5c11a20accb11497270a5247a7f1e66ad04c956c
failure,5269,IPRL/failure/2023-04-21/Fri_Apr_21_21:23:18_2023,352,0,4,1371775,1372127,0,48,1846.533333333332,1869.9999999999984,0,97,138.66666666666666,162.13333333333333,0,89,129.53333333333333,153.0,Gates,6078642573,IPRL+7790ec0a+2023-04-21-21h-23m-18s,295341-1325480,IPRL,True,IPRL|Gates|6078642573,nvidia/Cosmos3-DROID,5c11a20accb11497270a5247a7f1e66ad04c956c
failure,5270,IPRL/failure/2023-04-21/Fri_Apr_21_21:23:55_2023,67,0,4,1372127,1372194,0,48,1869.9999999999984,1874.466666666665,0,97,162.13333333333333,166.6,0,89,153.0,157.46666666666667,Gates,6078642573,IPRL+7790ec0a+2023-04-21-21h-23m-55s,295341-1325480,IPRL,True,IPRL|Gates|6078642573,nvidia/Cosmos3-DROID,5c11a20accb11497270a5247a7f1e66ad04c956c
failure,5271,IPRL/failure/2023-04-21/Fri_Apr_21_21:24:10_2023,552,0,4,1372194,1372746,0,48,1874.466666666665,1911.2666666666653,0,97,166.6,203.4,0,89,157.46666666666667,194.26666666666665,Gates,6078642573,IPRL+7790ec0a+2023-04-21-21h-24m-10s,295341-1325480,IPRL,True,IPRL|Gates|6078642573,nvidia/Cosmos3-DROID,5c11a20accb11497270a5247a7f1e66ad04c956c
failure,5272,IPRL/failure/2023-04-21/Fri_Apr_21_21:30:25_2023,64,0,4,1372746,1372810,0,48,1911.2666666666653,1915.533333333332,0,97,203.4,207.66666666666663,0,89,194.26666666666665,198.53333333333333,Gates,6078642573,IPRL+7790ec0a+2023-04-21-21h-30m-25s,295341-1325480,IPRL,True,IPRL|Gates|6078642573,nvidia/Cosmos3-DROID,5c11a20accb11497270a5247a7f1e66ad04c956c
failure,5273,IPRL/failure/2023-04-21/Fri_Apr_21_21:32:06_2023,92,0,4,1372810,1372902,0,48,1915.533333333332,1921.6666666666652,0,97,207.66666666666663,213.8,0,89,198.53333333333333,204.66666666666663,Gates,6078642573,IPRL+7790ec0a+2023-04-21-21h-32m-06s,295341-1325480,IPRL,True,IPRL|Gates|6078642573,nvidia/Cosmos3-DROID,5c11a20accb11497270a5247a7f1e66ad04c956c
failure,5274,IPRL/failure/2023-04-21/Fri_Apr_21_21:33:31_2023,174,0,4,1372902,1373076,0,48,1921.6666666666652,1933.2666666666653,0,97,213.8,225.4,0,89,204.66666666666663,216.26666666666665,Gates,6078642573,IPRL+7790ec0a+2023-04-21-21h-33m-31s,295341-1325480,IPRL,True,IPRL|Gates|6078642573,nvidia/Cosmos3-DROID,5c11a20accb11497270a5247a7f1e66ad04c956c
failure,5275,IPRL/failure/2023-04-21/Fri_Apr_21_21:40:19_2023,148,0,4,1373076,1373224,0,48,1933.2666666666653,1943.133333333332,0,97,225.4,235.26666666666665,0,89,216.26666666666665,226.13333333333333,Gates,6654475112,IPRL+7790ec0a+2023-04-21-21h-40m-19s,295341-1325480,IPRL,True,IPRL|Gates|6654475112,nvidia/Cosmos3-DROID,5c11a20accb11497270a5247a7f1e66ad04c956c
failure,5276,IPRL/failure/2023-04-21/Fri_Apr_21_21:50:27_2023,129,0,4,1373224,1373353,0,48,1943.133333333332,1951.733333333332,0,97,235.26666666666665,243.86666666666665,0,89,226.13333333333333,234.7333333333333,Gates,6654475112,IPRL+7790ec0a+2023-04-21-21h-50m-27s,295341-1325480,IPRL,True,IPRL|Gates|6654475112,nvidia/Cosmos3-DROID,5c11a20accb11497270a5247a7f1e66ad04c956c
failure,5277,IPRL/failure/2023-04-21/Fri_Apr_21_21:56:19_2023,148,0,4,1373353,1373501,0,48,1951.733333333332,1961.5999999999983,0,97,243.86666666666665,253.7333333333333,0,89,234.7333333333333,244.6,Gates,6654475112,IPRL+7790ec0a+2023-04-21-21h-56m-19s,295341-1325480,IPRL,True,IPRL|Gates|6654475112,nvidia/Cosmos3-DROID,5c11a20accb11497270a5247a7f1e66ad04c956c
failure,5278,IPRL/failure/2023-04-21/Fri_Apr_21_21:58:19_2023,199,0,4,1373501,1373700,0,49,0.0,13.266666666666667,0,97,253.7333333333333,267.0,0,89,244.6,257.8666666666667,Gates,6654475112,IPRL+7790ec0a+2023-04-21-21h-58m-19s,295341-1325480,IPRL,True,IPRL|Gates|6654475112,nvidia/Cosmos3-DROID,5c11a20accb11497270a5247a7f1e66ad04c956c
failure,5279,IPRL/failure/2023-04-21/Fri_Apr_21_21:59:26_2023,118,0,4,1373700,1373818,0,49,13.266666666666667,21.133333333333333,0,97,267.0,274.8666666666667,0,89,257.8666666666667,265.7333333333333,Gates,6654475112,IPRL+7790ec0a+2023-04-21-21h-59m-26s,295341-1325480,IPRL,True,IPRL|Gates|6654475112,nvidia/Cosmos3-DROID,5c11a20accb11497270a5247a7f1e66ad04c956c
failure,5280,IPRL/failure/2023-04-23/Sun_Apr_23_10:39:48_2023,611,0,4,1373818,1374429,0,49,21.133333333333333,61.86666666666667,0,97,274.8666666666667,315.6,0,89,265.7333333333333,306.4666666666667,Gates,2512823243,IPRL+edf28ef3+2023-04-23-10h-39m-48s,295341-1325480,IPRL,True,IPRL|Gates|2512823243,nvidia/Cosmos3-DROID,5c11a20accb11497270a5247a7f1e66ad04c956c
failure,5281,IPRL/failure/2023-04-23/Sun_Apr_23_10:41:05_2023,487,0,4,1374429,1374916,0,49,61.86666666666667,94.33333333333334,0,97,315.6,348.0666666666667,0,89,306.4666666666667,338.9333333333334,Gates,2512823243,IPRL+edf28ef3+2023-04-23-10h-41m-05s,295341-1325480,IPRL,True,IPRL|Gates|2512823243,nvidia/Cosmos3-DROID,5c11a20accb11497270a5247a7f1e66ad04c956c
failure,5282,IPRL/failure/2023-04-23/Sun_Apr_23_10:42:26_2023,508,0,4,1374916,1375424,0,49,94.33333333333334,128.20000000000002,0,97,348.0666666666667,381.9333333333334,0,89,338.9333333333334,372.80000000000007,Gates,2512823243,IPRL+edf28ef3+2023-04-23-10h-42m-26s,295341-1325480,IPRL,True,IPRL|Gates|2512823243,nvidia/Cosmos3-DROID,5c11a20accb11497270a5247a7f1e66ad04c956c
failure,5283,IPRL/failure/2023-04-23/Sun_Apr_23_10:49:27_2023,560,0,4,1375424,1375984,0,49,128.20000000000002,165.53333333333336,0,97,381.9333333333334,419.2666666666667,0,89,372.80000000000007,410.1333333333334,Gates,2512823243,IPRL+edf28ef3+2023-04-23-10h-49m-27s,295341-1325480,IPRL,True,IPRL|Gates|2512823243,nvidia/Cosmos3-DROID,5c11a20accb11497270a5247a7f1e66ad04c956c
failure,5284,IPRL/failure/2023-04-23/Sun_Apr_23_10:50:46_2023,430,0,4,1375984,1376414,0,49,165.53333333333336,194.2,0,97,419.2666666666667,447.9333333333334,0,89,410.1333333333334,438.80000000000007,Gates,2512823243,IPRL+edf28ef3+2023-04-23-10h-50m-46s,295341-1325480,IPRL,True,IPRL|Gates|2512823243,nvidia/Cosmos3-DROID,5c11a20accb11497270a5247a7f1e66ad04c956c
failure,5285,IPRL/failure/2023-04-23/Sun_Apr_23_10:57:34_2023,357,0,4,1376414,1376771,0,49,194.2,218.00000000000003,0,97,447.9333333333334,471.7333333333334,0,89,438.80000000000007,462.6000000000001,Gates,2512823243,IPRL+edf28ef3+2023-04-23-10h-57m-34s,295341-1325480,IPRL,True,IPRL|Gates|2512823243,nvidia/Cosmos3-DROID,5c11a20accb11497270a5247a7f1e66ad04c956c
failure,5286,IPRL/failure/2023-04-23/Sun_Apr_23_10:58:38_2023,192,0,4,1376771,1376963,0,49,218.00000000000003,230.80000000000004,0,97,471.7333333333334,484.5333333333334,0,89,462.6000000000001,475.4000000000001,Gates,2512823243,IPRL+edf28ef3+2023-04-23-10h-58m-38s,295341-1325480,IPRL,True,IPRL|Gates|2512823243,nvidia/Cosmos3-DROID,5c11a20accb11497270a5247a7f1e66ad04c956c
failure,5287,IPRL/failure/2023-04-23/Sun_Apr_23_11:06:02_2023,351,0,4,1376963,1377314,0,49,230.80000000000004,254.20000000000005,0,97,484.5333333333334,507.9333333333334,0,89,475.4000000000001,498.80000000000007,Gates,2512823243,IPRL+edf28ef3+2023-04-23-11h-06m-02s,295341-1325480,IPRL,True,IPRL|Gates|2512823243,nvidia/Cosmos3-DROID,5c11a20accb11497270a5247a7f1e66ad04c956c
failure,5288,IPRL/failure/2023-04-23/Sun_Apr_23_11:07:08_2023,271,0,4,1377314,1377585,0,49,254.20000000000005,272.2666666666667,0,97,507.9333333333334,526.0000000000001,0,89,498.80000000000007,516.8666666666668,Gates,2512823243,IPRL+edf28ef3+2023-04-23-11h-07m-08s,295341-1325480,IPRL,True,IPRL|Gates|2512823243,nvidia/Cosmos3-DROID,5c11a20accb11497270a5247a7f1e66ad04c956c
failure,5290,IPRL/failure/2023-04-23/Sun_Apr_23_11:13:33_2023,155,0,4,1377613,1377768,0,49,274.1333333333334,284.4666666666667,0,97,527.8666666666668,538.2000000000002,0,89,518.7333333333335,529.0666666666668,Gates,2512823243,IPRL+edf28ef3+2023-04-23-11h-13m-33s,295341-1325480,IPRL,True,IPRL|Gates|2512823243,nvidia/Cosmos3-DROID,5c11a20accb11497270a5247a7f1e66ad04c956c
failure,5291,IPRL/failure/2023-04-23/Sun_Apr_23_11:21:11_2023,126,0,4,1377768,1377894,0,49,284.4666666666667,292.8666666666667,0,97,538.2000000000002,546.6000000000001,0,89,529.0666666666668,537.4666666666668,Gates,2512823243,IPRL+edf28ef3+2023-04-23-11h-21m-11s,295341-1325480,IPRL,False,IPRL|Gates|2512823243,nvidia/Cosmos3-DROID,5c11a20accb11497270a5247a7f1e66ad04c956c
failure,5292,IPRL/failure/2023-04-24/Mon_Apr_24_16:31:54_2023,249,0,4,1377894,1378143,0,49,292.8666666666667,309.4666666666667,0,97,546.6000000000001,563.2000000000002,0,89,537.4666666666668,554.0666666666668,Gates,2512823243,IPRL+7790ec0a+2023-04-24-16h-31m-54s,295341-1325480,IPRL,True,IPRL|Gates|2512823243,nvidia/Cosmos3-DROID,5c11a20accb11497270a5247a7f1e66ad04c956c
failure,5293,IPRL/failure/2023-04-24/Mon_Apr_24_16:33:42_2023,103,0,4,1378143,1378246,0,49,309.4666666666667,316.33333333333337,0,97,563.2000000000002,570.0666666666668,0,89,554.0666666666668,560.9333333333335,Gates,2512823243,IPRL+7790ec0a+2023-04-24-16h-33m-42s,295341-1325480,IPRL,True,IPRL|Gates|2512823243,nvidia/Cosmos3-DROID,5c11a20accb11497270a5247a7f1e66ad04c956c
failure,5294,IPRL/failure/2023-04-24/Mon_Apr_24_16:39:20_2023,157,0,4,1378246,1378403,0,49,316.33333333333337,326.8,0,97,570.0666666666668,580.5333333333335,0,89,560.9333333333335,571.4000000000002,Gates,2512823243,IPRL+7790ec0a+2023-04-24-16h-39m-20s,295341-1325480,IPRL,True,IPRL|Gates|2512823243,nvidia/Cosmos3-DROID,5c11a20accb11497270a5247a7f1e66ad04c956c
failure,5295,IPRL/failure/2023-04-24/Mon_Apr_24_16:40:11_2023,196,0,4,1378403,1378599,0,49,326.8,339.8666666666667,0,97,580.5333333333335,593.6000000000003,0,89,571.4000000000002,584.4666666666669,Gates,2512823243,IPRL+7790ec0a+2023-04-24-16h-40m-11s,295341-1325480,IPRL,True,IPRL|Gates|2512823243,nvidia/Cosmos3-DROID,5c11a20accb11497270a5247a7f1e66ad04c956c
failure,5296,IPRL/failure/2023-04-24/Mon_Apr_24_16:40:41_2023,337,0,4,1378599,1378936,0,49,339.8666666666667,362.3333333333333,0,97,593.6000000000003,616.066666666667,0,89,584.4666666666669,606.9333333333336,Gates,2512823243,IPRL+7790ec0a+2023-04-24-16h-40m-41s,295341-1325480,IPRL,True,IPRL|Gates|2512823243,nvidia/Cosmos3-DROID,5c11a20accb11497270a5247a7f1e66ad04c956c
failure,5297,IPRL/failure/2023-04-24/Mon_Apr_24_16:41:11_2023,132,0,4,1378936,1379068,0,49,362.3333333333333,371.1333333333333,0,97,616.066666666667,624.8666666666669,0,89,606.9333333333336,615.7333333333336,Gates,2512823243,IPRL+7790ec0a+2023-04-24-16h-41m-11s,295341-1325480,IPRL,True,IPRL|Gates|2512823243,nvidia/Cosmos3-DROID,5c11a20accb11497270a5247a7f1e66ad04c956c
failure,5299,IPRL/failure/2023-04-24/Mon_Apr_24_16:42:41_2023,450,0,4,1379088,1379538,0,49,372.4666666666666,402.4666666666666,0,97,626.2000000000003,656.2000000000003,0,89,617.066666666667,647.066666666667,Gates,2512823243,IPRL+7790ec0a+2023-04-24-16h-42m-41s,295341-1325480,IPRL,True,IPRL|Gates|2512823243,nvidia/Cosmos3-DROID,5c11a20accb11497270a5247a7f1e66ad04c956c
failure,5300,IPRL/failure/2023-04-24/Mon_Apr_24_16:44:55_2023,356,0,4,1379538,1379894,0,49,402.4666666666666,426.2,0,97,656.2000000000003,679.9333333333336,0,89,647.066666666667,670.8000000000003,Gates,2512823243,IPRL+7790ec0a+2023-04-24-16h-44m-55s,295341-1325480,IPRL,True,IPRL|Gates|2512823243,nvidia/Cosmos3-DROID,5c11a20accb11497270a5247a7f1e66ad04c956c
failure,5302,IPRL/failure/2023-04-24/Mon_Apr_24_16:47:32_2023,262,0,4,1379914,1380176,0,49,427.5333333333333,445.0,0,97,681.266666666667,698.7333333333337,0,89,672.1333333333337,689.6000000000004,Gates,2512823243,IPRL+7790ec0a+2023-04-24-16h-47m-32s,295341-1325480,IPRL,True,IPRL|Gates|2512823243,nvidia/Cosmos3-DROID,5c11a20accb11497270a5247a7f1e66ad04c956c
failure,5303,IPRL/failure/2023-04-24/Mon_Apr_24_16:50:28_2023,374,0,4,1380176,1380550,0,49,445.0,469.9333333333333,0,97,698.7333333333337,723.666666666667,0,89,689.6000000000004,714.5333333333336,Gates,2512823243,IPRL+7790ec0a+2023-04-24-16h-50m-28s,295341-1325480,IPRL,True,IPRL|Gates|2512823243,nvidia/Cosmos3-DROID,5c11a20accb11497270a5247a7f1e66ad04c956c
failure,5304,IPRL/failure/2023-04-24/Mon_Apr_24_16:51:51_2023,294,0,4,1380550,1380844,0,49,469.9333333333333,489.5333333333333,0,97,723.666666666667,743.266666666667,0,89,714.5333333333336,734.1333333333337,Gates,2512823243,IPRL+7790ec0a+2023-04-24-16h-51m-51s,295341-1325480,IPRL,True,IPRL|Gates|2512823243,nvidia/Cosmos3-DROID,5c11a20accb11497270a5247a7f1e66ad04c956c
failure,5305,IPRL/failure/2023-04-24/Mon_Apr_24_16:57:25_2023,524,0,4,1380844,1381368,0,49,489.5333333333333,524.4666666666666,0,97,743.266666666667,778.2000000000003,0,89,734.1333333333337,769.066666666667,Gates,2512823243,IPRL+7790ec0a+2023-04-24-16h-57m-25s,295341-1325480,IPRL,True,IPRL|Gates|2512823243,nvidia/Cosmos3-DROID,5c11a20accb11497270a5247a7f1e66ad04c956c
failure,5307,IPRL/failure/2023-04-24/Mon_Apr_24_17:01:09_2023,196,0,4,1381379,1381575,0,49,525.1999999999999,538.2666666666667,0,97,778.9333333333336,792.0000000000003,0,89,769.8000000000003,782.866666666667,Gates,2512823243,IPRL+7790ec0a+2023-04-24-17h-01m-09s,295341-1325480,IPRL,True,IPRL|Gates|2512823243,nvidia/Cosmos3-DROID,5c11a20accb11497270a5247a7f1e66ad04c956c
failure,6423,IRIS/failure/2023-10-31/Tue_Oct_31_17:44:16_2023,173,0,5,1687764,1687937,0,64,0.0,11.533333333333331,0,118,0.0,11.533333333333331,0,111,0.0,11.533333333333331,Gates,3492221807,IRIS+226b9f35+2023-10-31-17h-44m-16s,panda-295341-1326372,IRIS,True,IRIS|Gates|3492221807,nvidia/Cosmos3-DROID,5c11a20accb11497270a5247a7f1e66ad04c956c
failure,6424,IRIS/failure/2023-10-31/Tue_Oct_31_17:51:23_2023,95,0,5,1687937,1688032,0,64,11.533333333333331,17.866666666666667,0,118,11.533333333333331,17.866666666666667,0,111,11.533333333333331,17.866666666666667,Gates,3492221807,IRIS+226b9f35+2023-10-31-17h-51m-23s,panda-295341-1326372,IRIS,True,IRIS|Gates|3492221807,nvidia/Cosmos3-DROID,5c11a20accb11497270a5247a7f1e66ad04c956c
failure,6425,IRIS/failure/2023-10-31/Tue_Oct_31_17:51:37_2023,367,0,5,1688032,1688399,0,64,17.866666666666667,42.33333333333333,0,118,17.866666666666667,42.33333333333333,0,111,17.866666666666667,42.33333333333333,Gates,3492221807,IRIS+226b9f35+2023-10-31-17h-51m-37s,panda-295341-1326372,IRIS,True,IRIS|Gates|3492221807,nvidia/Cosmos3-DROID,5c11a20accb11497270a5247a7f1e66ad04c956c
failure,6428,IRIS/failure/2023-10-31/Tue_Oct_31_17:56:27_2023,211,0,5,1688935,1689146,0,64,78.06666666666666,92.13333333333333,0,118,78.06666666666666,92.13333333333333,0,111,78.06666666666666,92.13333333333333,Gates,3492221807,IRIS+226b9f35+2023-10-31-17h-56m-27s,panda-295341-1326372,IRIS,True,IRIS|Gates|3492221807,nvidia/Cosmos3-DROID,5c11a20accb11497270a5247a7f1e66ad04c956c
failure,6431,IRIS/failure/2023-10-31/Tue_Oct_31_18:08:15_2023,412,0,5,1689734,1690146,0,64,131.33333333333334,158.8,0,118,131.33333333333334,158.8,0,111,131.33333333333334,158.8,Gates,3492221807,IRIS+226b9f35+2023-10-31-18h-08m-15s,panda-295341-1326372,IRIS,True,IRIS|Gates|3492221807,nvidia/Cosmos3-DROID,5c11a20accb11497270a5247a7f1e66ad04c956c
failure,6436,IRIS/failure/2023-10-31/Tue_Oct_31_18:17:25_2023,249,0,5,1690761,1691010,0,64,199.80000000000004,216.40000000000003,0,118,199.80000000000004,216.40000000000003,0,111,199.80000000000004,216.40000000000003,Gates,3492221807,IRIS+226b9f35+2023-10-31-18h-17m-25s,panda-295341-1326372,IRIS,True,IRIS|Gates|3492221807,nvidia/Cosmos3-DROID,5c11a20accb11497270a5247a7f1e66ad04c956c
failure,6615,PennPAL/failure/2023-10-01/Sun_Oct__1_17:00:10_2023,4426,0,5,1751259,1755685,0,67,8.266666666666667,303.3333333333333,0,124,8.266666666666667,303.3333333333333,0,116,8.266666666666667,303.3333333333333,Penn Levine 457,8175789552,PennPAL+c5f808b7+2023-10-01-17h-00m-10s,fr3-295341-1326691,PennPAL,True,PennPAL|Penn Levine 457|8175789552,nvidia/Cosmos3-DROID,5c11a20accb11497270a5247a7f1e66ad04c956c
failure,6616,PennPAL/failure/2023-10-01/Sun_Oct__1_17:10:45_2023,186,0,5,1755685,1755871,0,67,303.3333333333333,315.7333333333333,0,124,303.3333333333333,315.7333333333333,0,116,303.3333333333333,315.7333333333333,Penn Levine 457,8175789552,PennPAL+c5f808b7+2023-10-01-17h-10m-45s,fr3-295341-1326691,PennPAL,True,PennPAL|Penn Levine 457|8175789552,nvidia/Cosmos3-DROID,5c11a20accb11497270a5247a7f1e66ad04c956c
failure,6618,PennPAL/failure/2023-10-01/Sun_Oct__1_17:19:42_2023,89,0,5,1756033,1756122,0,67,326.5333333333333,332.46666666666664,0,124,326.5333333333333,332.46666666666664,0,116,326.5333333333333,332.46666666666664,Penn Levine 457,8175789552,PennPAL+c5f808b7+2023-10-01-17h-19m-42s,fr3-295341-1326691,PennPAL,True,PennPAL|Penn Levine 457|8175789552,nvidia/Cosmos3-DROID,5c11a20accb11497270a5247a7f1e66ad04c956c
failure,6838,RAD/failure/2023-11-19/Sun_Nov_19_14:52:53_2023,384,0,5,1811276,1811660,0,69,318.79999999999995,344.4,0,128,0.0,25.6,0,119,1104.333333333333,1129.933333333333,Bayes - ICMS,6445909745,RAD+62828209+2023-11-19-14h-52m-53s,panda-295341-1325422,RAD,True,RAD|Bayes - ICMS|6445909745,nvidia/Cosmos3-DROID,5c11a20accb11497270a5247a7f1e66ad04c956c
failure,6839,RAD/failure/2023-11-19/Sun_Nov_19_14:53:30_2023,218,0,5,1811660,1811878,0,69,344.4,358.93333333333334,0,128,25.6,40.13333333333333,0,119,1129.933333333333,1144.4666666666662,Bayes - ICMS,6445909745,RAD+62828209+2023-11-19-14h-53m-30s,panda-295341-1325422,RAD,True,RAD|Bayes - ICMS|6445909745,nvidia/Cosmos3-DROID,5c11a20accb11497270a5247a7f1e66ad04c956c
failure,6840,RAD/failure/2023-11-19/Sun_Nov_19_14:55:49_2023,291,0,5,1811878,1812169,0,69,358.93333333333334,378.3333333333333,0,128,40.13333333333333,59.53333333333333,0,119,1144.4666666666662,1163.8666666666663,Bayes - ICMS,6445909745,RAD+62828209+2023-11-19-14h-55m-49s,panda-295341-1325422,RAD,True,RAD|Bayes - ICMS|6445909745,nvidia/Cosmos3-DROID,5c11a20accb11497270a5247a7f1e66ad04c956c
failure,6841,RAD/failure/2023-11-19/Sun_Nov_19_14:56:20_2023,270,0,5,1812169,1812439,0,69,378.3333333333333,396.3333333333333,0,128,59.53333333333333,77.53333333333333,0,119,1163.8666666666663,1181.8666666666663,Bayes - ICMS,6445909745,RAD+62828209+2023-11-19-14h-56m-20s,panda-295341-1325422,RAD,True,RAD|Bayes - ICMS|6445909745,nvidia/Cosmos3-DROID,5c11a20accb11497270a5247a7f1e66ad04c956c
failure,6842,RAD/failure/2023-11-19/Sun_Nov_19_14:57:51_2023,548,0,5,1812439,1812987,0,69,396.3333333333333,432.8666666666667,0,128,77.53333333333333,114.06666666666666,0,120,0.0,36.53333333333333,Bayes - ICMS,6445909745,RAD+62828209+2023-11-19-14h-57m-51s,panda-295341-1325422,RAD,True,RAD|Bayes - ICMS|6445909745,nvidia/Cosmos3-DROID,5c11a20accb11497270a5247a7f1e66ad04c956c
failure,6843,RAD/failure/2023-11-19/Sun_Nov_19_15:25:51_2023,212,0,5,1812987,1813199,0,69,432.8666666666667,447.0,0,128,114.06666666666666,128.2,0,120,36.53333333333333,50.66666666666666,Bayes - ICMS,6445909745,RAD+62828209+2023-11-19-15h-25m-51s,panda-295341-1325422,RAD,True,RAD|Bayes - ICMS|6445909745,nvidia/Cosmos3-DROID,5c11a20accb11497270a5247a7f1e66ad04c956c
failure,6844,RAD/failure/2023-11-19/Sun_Nov_19_15:28:09_2023,293,0,5,1813199,1813492,0,69,447.0,466.53333333333336,0,128,128.2,147.73333333333332,0,120,50.66666666666666,70.2,Bayes - ICMS,6445909745,RAD+62828209+2023-11-19-15h-28m-09s,panda-295341-1325422,RAD,True,RAD|Bayes - ICMS|6445909745,nvidia/Cosmos3-DROID,5c11a20accb11497270a5247a7f1e66ad04c956c
failure,6845,RAD/failure/2023-11-25/Sat_Nov_25_15:26:20_2023,286,0,5,1813492,1813778,0,69,466.53333333333336,485.6,0,128,147.73333333333332,166.79999999999998,0,120,70.2,89.26666666666667,Bayes - Kitchen 1,5702451488,RAD+c6cf6b42+2023-11-25-15h-26m-20s,panda-295341-1325422,RAD,True,RAD|Bayes - Kitchen 1|5702451488,nvidia/Cosmos3-DROID,5c11a20accb11497270a5247a7f1e66ad04c956c
failure,6846,RAD/failure/2023-11-25/Sat_Nov_25_15:43:23_2023,43,0,5,1813778,1813821,0,69,485.6,488.4666666666667,0,128,166.79999999999998,169.66666666666666,0,120,89.26666666666667,92.13333333333333,Bayes - Kitchen 1,5702451488,RAD+c6cf6b42+2023-11-25-15h-43m-23s,panda-295341-1325422,RAD,True,RAD|Bayes - Kitchen 1|5702451488,nvidia/Cosmos3-DROID,5c11a20accb11497270a5247a7f1e66ad04c956c
failure,6847,RAD/failure/2023-11-25/Sat_Nov_25_16:18:53_2023,212,0,5,1813821,1814033,0,69,488.4666666666667,502.6,0,128,169.66666666666666,183.8,0,120,92.13333333333333,106.26666666666664,Bayes - Kitchen 1,5702451488,RAD+c6cf6b42+2023-11-25-16h-18m-53s,panda-295341-1325422,RAD,True,RAD|Bayes - Kitchen 1|5702451488,nvidia/Cosmos3-DROID,5c11a20accb11497270a5247a7f1e66ad04c956c
failure,6848,RAD/failure/2023-11-25/Sat_Nov_25_16:21:11_2023,552,0,5,1814033,1814585,0,69,502.6,539.4,0,128,183.8,220.6,0,120,106.26666666666664,143.06666666666666,Bayes - Kitchen 1,5702451488,RAD+c6cf6b42+2023-11-25-16h-21m-11s,panda-295341-1325422,RAD,True,RAD|Bayes - Kitchen 1|5702451488,nvidia/Cosmos3-DROID,5c11a20accb11497270a5247a7f1e66ad04c956c
failure,6849,RAD/failure/2023-11-25/Sat_Nov_25_16:23:40_2023,391,0,5,1814585,1814976,0,69,539.4,565.4666666666667,0,128,220.6,246.66666666666663,0,120,143.06666666666666,169.13333333333333,Bayes - Kitchen 1,5702451488,RAD+c6cf6b42+2023-11-25-16h-23m-40s,panda-295341-1325422,RAD,True,RAD|Bayes - Kitchen 1|5702451488,nvidia/Cosmos3-DROID,5c11a20accb11497270a5247a7f1e66ad04c956c
failure,6850,RAD/failure/2023-11-25/Sat_Nov_25_16:31:47_2023,1054,0,5,1814976,1816030,0,69,565.4666666666667,635.7333333333333,0,128,246.66666666666663,316.9333333333333,0,120,169.13333333333333,239.4,Bayes - Kitchen 1,5702451488,RAD+c6cf6b42+2023-11-25-16h-31m-47s,panda-295341-1325422,RAD,True,RAD|Bayes - Kitchen 1|5702451488,nvidia/Cosmos3-DROID,5c11a20accb11497270a5247a7f1e66ad04c956c
failure,6851,RAD/failure/2023-11-25/Sat_Nov_25_16:33:25_2023,288,0,5,1816030,1816318,0,69,635.7333333333333,654.9333333333334,0,128,316.9333333333333,336.13333333333327,0,120,239.4,258.6,Bayes - Kitchen 1,5702451488,RAD+c6cf6b42+2023-11-25-16h-33m-25s,panda-295341-1325422,RAD,True,RAD|Bayes - Kitchen 1|5702451488,nvidia/Cosmos3-DROID,5c11a20accb11497270a5247a7f1e66ad04c956c
failure,6852,RAD/failure/2023-11-25/Sat_Nov_25_16:34:32_2023,1514,0,5,1816318,1817832,0,69,654.9333333333334,755.8666666666668,0,128,336.13333333333327,437.0666666666666,0,120,258.6,359.5333333333333,Bayes - Kitchen 1,5702451488,RAD+c6cf6b42+2023-11-25-16h-34m-32s,panda-295341-1325422,RAD,True,RAD|Bayes - Kitchen 1|5702451488,nvidia/Cosmos3-DROID,5c11a20accb11497270a5247a7f1e66ad04c956c
failure,6854,RAD/failure/2023-11-25/Sat_Nov_25_17:59:55_2023,319,0,5,1817857,1818176,0,69,757.5333333333334,778.8000000000001,0,128,438.7333333333333,460.0,0,120,361.2,382.4666666666666,Bayes - Kitchen 1,4780329690,RAD+c6cf6b42+2023-11-25-17h-59m-55s,panda-295341-1325422,RAD,True,RAD|Bayes - Kitchen 1|4780329690,nvidia/Cosmos3-DROID,5c11a20accb11497270a5247a7f1e66ad04c956c
failure,6855,RAD/failure/2023-11-25/Sat_Nov_25_18:01:25_2023,124,0,5,1818176,1818300,0,69,778.8000000000001,787.0666666666667,0,128,460.0,468.2666666666666,0,120,382.4666666666666,390.7333333333333,Bayes - Kitchen 1,4780329690,RAD+c6cf6b42+2023-11-25-18h-01m-25s,panda-295341-1325422,RAD,True,RAD|Bayes - Kitchen 1|4780329690,nvidia/Cosmos3-DROID,5c11a20accb11497270a5247a7f1e66ad04c956c
failure,7353,RAIL/failure/2023-05-30/Tue_May_30_16:17:19_2023,146,0,6,1984566,1984712,0,75,25.93333333333333,35.666666666666664,0,139,221.53333333333333,231.26666666666665,0,131,221.53333333333333,231.26666666666665,BAIR,9448115390,RAIL+d027f2ae+2023-05-30-16h-17m-19s,fr3-290102-1324143,RAIL,True,RAIL|BAIR|9448115390,nvidia/Cosmos3-DROID,5c11a20accb11497270a5247a7f1e66ad04c956c
failure,7356,RAIL/failure/2023-05-30/Tue_May_30_16:24:05_2023,269,0,6,1985000,1985269,0,75,54.86666666666667,72.8,0,139,250.46666666666667,268.4,0,131,250.46666666666667,268.4,BAIR,9448115390,RAIL+d027f2ae+2023-05-30-16h-24m-05s,fr3-290102-1324143,RAIL,True,RAIL|BAIR|9448115390,nvidia/Cosmos3-DROID,5c11a20accb11497270a5247a7f1e66ad04c956c
failure,7364,RAIL/failure/2023-05-30/Tue_May_30_17:01:46_2023,250,0,6,1986750,1987000,0,75,171.53333333333333,188.2,0,139,367.1333333333333,383.8,0,131,367.1333333333333,383.8,BAIR,9448115390,RAIL+d027f2ae+2023-05-30-17h-01m-46s,fr3-290102-1324143,RAIL,True,RAIL|BAIR|9448115390,nvidia/Cosmos3-DROID,5c11a20accb11497270a5247a7f1e66ad04c956c
failure,7369,RAIL/failure/2023-05-30/Tue_May_30_17:05:27_2023,146,0,6,1987960,1988106,0,75,252.2,261.9333333333333,0,139,447.8,457.53333333333336,0,131,447.8,457.53333333333336,BAIR,9448115390,RAIL+d027f2ae+2023-05-30-17h-05m-27s,fr3-290102-1324143,RAIL,True,RAIL|BAIR|9448115390,nvidia/Cosmos3-DROID,5c11a20accb11497270a5247a7f1e66ad04c956c
failure,7374,RAIL/failure/2023-05-30/Tue_May_30_17:08:42_2023,102,0,6,1988641,1988743,0,75,297.6,304.4,0,139,493.2000000000001,500.00000000000006,0,131,493.2000000000001,500.00000000000006,BAIR,9448115390,RAIL+d027f2ae+2023-05-30-17h-08m-42s,fr3-290102-1324143,RAIL,True,RAIL|BAIR|9448115390,nvidia/Cosmos3-DROID,5c11a20accb11497270a5247a7f1e66ad04c956c
failure,7376,RAIL/failure/2023-05-30/Tue_May_30_17:10:41_2023,78,0,6,1989272,1989350,0,75,339.66666666666663,344.8666666666666,0,139,535.2666666666668,540.4666666666668,0,131,535.2666666666668,540.4666666666668,BAIR,9448115390,RAIL+d027f2ae+2023-05-30-17h-10m-41s,fr3-290102-1324143,RAIL,True,RAIL|BAIR|9448115390,nvidia/Cosmos3-DROID,5c11a20accb11497270a5247a7f1e66ad04c956c
failure,7378,RAIL/failure/2023-05-30/Tue_May_30_17:12:03_2023,127,0,6,1989539,1989666,0,75,357.46666666666664,365.9333333333333,0,139,553.0666666666668,561.5333333333335,0,131,553.0666666666668,561.5333333333335,BAIR,9448115390,RAIL+d027f2ae+2023-05-30-17h-12m-03s,fr3-290102-1324143,RAIL,True,RAIL|BAIR|9448115390,nvidia/Cosmos3-DROID,5c11a20accb11497270a5247a7f1e66ad04c956c
failure,7380,RAIL/failure/2023-05-31/Wed_May_31_10:46:06_2023,472,0,6,1989668,1990140,0,75,366.0666666666666,397.5333333333333,0,139,561.6666666666669,593.1333333333336,0,131,561.6666666666669,593.1333333333336,BAIR,5724356971,RAIL+ah6fcd56+2023-05-31-10h-46m-06s,fr3-290102-1324143,RAIL,True,RAIL|BAIR|5724356971,nvidia/Cosmos3-DROID,5c11a20accb11497270a5247a7f1e66ad04c956c
failure,7384,RAIL/failure/2023-05-31/Wed_May_31_11:06:24_2023,215,0,6,1990837,1991052,0,75,443.9999999999999,458.3333333333332,0,139,639.6000000000003,653.9333333333336,0,131,639.6000000000003,653.9333333333336,BAIR,5724356971,RAIL+ah6fcd56+2023-05-31-11h-06m-24s,fr3-290102-1324143,RAIL,True,RAIL|BAIR|5724356971,nvidia/Cosmos3-DROID,5c11a20accb11497270a5247a7f1e66ad04c956c
failure,7386,RAIL/failure/2023-06-02/Fri_Jun__2_11:20:36_2023,346,0,6,1991290,1991636,0,75,474.1999999999999,497.26666666666654,0,140,0.0,23.066666666666663,0,132,0.0,23.066666666666663,BAIR,7152005427,RAIL+d027f2ae+2023-06-02-11h-20m-36s,fr3-290102-1324143,RAIL,True,RAIL|BAIR|7152005427,nvidia/Cosmos3-DROID,5c11a20accb11497270a5247a7f1e66ad04c956c
failure,7387,RAIL/failure/2023-06-02/Fri_Jun__2_11:29:07_2023,96,0,6,1991636,1991732,0,75,497.26666666666654,503.6666666666665,0,140,23.066666666666663,29.46666666666667,0,132,23.066666666666663,29.46666666666667,BAIR,7152005427,RAIL+d027f2ae+2023-06-02-11h-29m-07s,fr3-290102-1324143,RAIL,True,RAIL|BAIR|7152005427,nvidia/Cosmos3-DROID,5c11a20accb11497270a5247a7f1e66ad04c956c
failure,7388,RAIL/failure/2023-06-02/Fri_Jun__2_11:29:24_2023,243,0,6,1991732,1991975,0,75,503.6666666666665,519.8666666666666,0,140,29.46666666666667,45.66666666666667,0,132,29.46666666666667,45.66666666666667,BAIR,7152005427,RAIL+d027f2ae+2023-06-02-11h-29m-24s,fr3-290102-1324143,RAIL,True,RAIL|BAIR|7152005427,nvidia/Cosmos3-DROID,5c11a20accb11497270a5247a7f1e66ad04c956c
failure,7389,RAIL/failure/2023-06-02/Fri_Jun__2_11:30:12_2023,330,0,6,1991975,1992305,0,75,519.8666666666666,541.8666666666666,0,140,45.66666666666667,67.66666666666667,0,132,45.66666666666667,67.66666666666667,BAIR,7152005427,RAIL+d027f2ae+2023-06-02-11h-30m-12s,fr3-290102-1324143,RAIL,True,RAIL|BAIR|7152005427,nvidia/Cosmos3-DROID,5c11a20accb11497270a5247a7f1e66ad04c956c
failure,7390,RAIL/failure/2023-06-02/Fri_Jun__2_11:31:47_2023,95,0,6,1992305,1992400,0,75,541.8666666666666,548.1999999999999,0,140,67.66666666666667,74.0,0,132,67.66666666666667,74.0,BAIR,7152005427,RAIL+d027f2ae+2023-06-02-11h-31m-47s,fr3-290102-1324143,RAIL,True,RAIL|BAIR|7152005427,nvidia/Cosmos3-DROID,5c11a20accb11497270a5247a7f1e66ad04c956c
failure,7391,RAIL/failure/2023-06-02/Fri_Jun__2_11:34:54_2023,142,0,6,1992400,1992542,0,75,548.1999999999999,557.6666666666666,0,140,74.0,83.46666666666667,0,132,74.0,83.46666666666667,BAIR,7152005427,RAIL+d027f2ae+2023-06-02-11h-34m-54s,fr3-290102-1324143,RAIL,True,RAIL|BAIR|7152005427,nvidia/Cosmos3-DROID,5c11a20accb11497270a5247a7f1e66ad04c956c
failure,7392,RAIL/failure/2023-06-02/Fri_Jun__2_11:44:58_2023,258,0,6,1992542,1992800,0,75,557.6666666666666,574.8666666666667,0,140,83.46666666666667,100.66666666666669,0,132,83.46666666666667,100.66666666666669,BAIR,7152005427,RAIL+d027f2ae+2023-06-02-11h-44m-58s,fr3-290102-1324143,RAIL,True,RAIL|BAIR|7152005427,nvidia/Cosmos3-DROID,5c11a20accb11497270a5247a7f1e66ad04c956c
failure,7393,RAIL/failure/2023-06-02/Fri_Jun__2_11:45:37_2023,204,0,6,1992800,1993004,0,75,574.8666666666667,588.4666666666667,0,140,100.66666666666669,114.26666666666668,0,132,100.66666666666669,114.26666666666668,BAIR,7152005427,RAIL+d027f2ae+2023-06-02-11h-45m-37s,fr3-290102-1324143,RAIL,True,RAIL|BAIR|7152005427,nvidia/Cosmos3-DROID,5c11a20accb11497270a5247a7f1e66ad04c956c
failure,7394,RAIL/failure/2023-06-02/Fri_Jun__2_11:46:02_2023,228,0,6,1993004,1993232,0,75,588.4666666666667,603.6666666666667,0,140,114.26666666666668,129.46666666666667,0,132,114.26666666666668,129.46666666666667,BAIR,7152005427,RAIL+d027f2ae+2023-06-02-11h-46m-02s,fr3-290102-1324143,RAIL,True,RAIL|BAIR|7152005427,nvidia/Cosmos3-DROID,5c11a20accb11497270a5247a7f1e66ad04c956c
failure,7395,RAIL/failure/2023-06-02/Fri_Jun__2_11:46:30_2023,206,0,6,1993232,1993438,0,75,603.6666666666667,617.4000000000001,0,140,129.46666666666667,143.2,0,132,129.46666666666667,143.2,BAIR,7152005427,RAIL+d027f2ae+2023-06-02-11h-46m-30s,fr3-290102-1324143,RAIL,True,RAIL|BAIR|7152005427,nvidia/Cosmos3-DROID,5c11a20accb11497270a5247a7f1e66ad04c956c
failure,7396,RAIL/failure/2023-06-02/Fri_Jun__2_11:47:08_2023,128,0,6,1993438,1993566,0,75,617.4000000000001,625.9333333333334,0,140,143.2,151.73333333333332,0,132,143.2,151.73333333333332,BAIR,7152005427,RAIL+d027f2ae+2023-06-02-11h-47m-08s,fr3-290102-1324143,RAIL,True,RAIL|BAIR|7152005427,nvidia/Cosmos3-DROID,5c11a20accb11497270a5247a7f1e66ad04c956c
failure,7397,RAIL/failure/2023-06-02/Fri_Jun__2_11:54:55_2023,290,0,6,1993566,1993856,0,75,625.9333333333334,645.2666666666668,0,140,151.73333333333332,171.06666666666666,0,132,151.73333333333332,171.06666666666666,BAIR,7152005427,RAIL+d027f2ae+2023-06-02-11h-54m-55s,fr3-290102-1324143,RAIL,True,RAIL|BAIR|7152005427,nvidia/Cosmos3-DROID,5c11a20accb11497270a5247a7f1e66ad04c956c
failure,7398,RAIL/failure/2023-06-02/Fri_Jun__2_11:55:58_2023,195,0,6,1993856,1994051,0,75,645.2666666666668,658.2666666666668,0,140,171.06666666666666,184.06666666666663,0,132,171.06666666666666,184.06666666666663,BAIR,7152005427,RAIL+d027f2ae+2023-06-02-11h-55m-58s,fr3-290102-1324143,RAIL,True,RAIL|BAIR|7152005427,nvidia/Cosmos3-DROID,5c11a20accb11497270a5247a7f1e66ad04c956c
failure,7400,RAIL/failure/2023-06-02/Fri_Jun__2_12:09:14_2023,327,0,6,1994055,1994382,0,75,658.5333333333334,680.3333333333334,0,140,184.33333333333331,206.13333333333333,0,132,184.33333333333331,206.13333333333333,BAIR,7152005427,RAIL+d027f2ae+2023-06-02-12h-09m-14s,fr3-290102-1324143,RAIL,True,RAIL|BAIR|7152005427,nvidia/Cosmos3-DROID,5c11a20accb11497270a5247a7f1e66ad04c956c
failure,7401,RAIL/failure/2023-06-02/Fri_Jun__2_12:10:35_2023,177,0,6,1994382,1994559,0,75,680.3333333333334,692.1333333333333,0,140,206.13333333333333,217.93333333333337,0,132,206.13333333333333,217.93333333333337,BAIR,7152005427,RAIL+d027f2ae+2023-06-02-12h-10m-35s,fr3-290102-1324143,RAIL,True,RAIL|BAIR|7152005427,nvidia/Cosmos3-DROID,5c11a20accb11497270a5247a7f1e66ad04c956c
failure,7402,RAIL/failure/2023-06-02/Fri_Jun__2_12:13:54_2023,195,0,6,1994559,1994754,0,75,692.1333333333333,705.1333333333333,0,140,217.93333333333337,230.93333333333337,0,132,217.93333333333337,230.93333333333337,BAIR,7152005427,RAIL+d027f2ae+2023-06-02-12h-13m-54s,fr3-290102-1324143,RAIL,True,RAIL|BAIR|7152005427,nvidia/Cosmos3-DROID,5c11a20accb11497270a5247a7f1e66ad04c956c
failure,7403,RAIL/failure/2023-06-02/Fri_Jun__2_12:14:46_2023,77,0,6,1994754,1994831,0,75,705.1333333333333,710.2666666666667,0,140,230.93333333333337,236.0666666666667,0,132,230.93333333333337,236.0666666666667,BAIR,7152005427,RAIL+d027f2ae+2023-06-02-12h-14m-46s,fr3-290102-1324143,RAIL,True,RAIL|BAIR|7152005427,nvidia/Cosmos3-DROID,5c11a20accb11497270a5247a7f1e66ad04c956c
failure,7404,RAIL/failure/2023-06-02/Fri_Jun__2_12:15:40_2023,279,0,6,1994831,1995110,0,75,710.2666666666667,728.8666666666667,0,140,236.0666666666667,254.66666666666669,0,132,236.0666666666667,254.66666666666669,BAIR,7152005427,RAIL+d027f2ae+2023-06-02-12h-15m-40s,fr3-290102-1324143,RAIL,True,RAIL|BAIR|7152005427,nvidia/Cosmos3-DROID,5c11a20accb11497270a5247a7f1e66ad04c956c
failure,7405,RAIL/failure/2023-06-02/Fri_Jun__2_12:16:38_2023,147,0,6,1995110,1995257,0,75,728.8666666666667,738.6666666666666,0,140,254.66666666666669,264.4666666666667,0,132,254.66666666666669,264.4666666666667,BAIR,7152005427,RAIL+d027f2ae+2023-06-02-12h-16m-38s,fr3-290102-1324143,RAIL,True,RAIL|BAIR|7152005427,nvidia/Cosmos3-DROID,5c11a20accb11497270a5247a7f1e66ad04c956c
failure,7406,RAIL/failure/2023-06-02/Fri_Jun__2_12:17:42_2023,126,0,6,1995257,1995383,0,75,738.6666666666666,747.0666666666666,0,140,264.4666666666667,272.8666666666667,0,132,264.4666666666667,272.8666666666667,BAIR,7152005427,RAIL+d027f2ae+2023-06-02-12h-17m-42s,fr3-290102-1324143,RAIL,True,RAIL|BAIR|7152005427,nvidia/Cosmos3-DROID,5c11a20accb11497270a5247a7f1e66ad04c956c
failure,7407,RAIL/failure/2023-06-02/Fri_Jun__2_12:18:36_2023,418,0,6,1995383,1995801,0,75,747.0666666666666,774.9333333333333,0,140,272.8666666666667,300.7333333333333,0,132,272.8666666666667,300.7333333333333,BAIR,7152005427,RAIL+d027f2ae+2023-06-02-12h-18m-36s,fr3-290102-1324143,RAIL,True,RAIL|BAIR|7152005427,nvidia/Cosmos3-DROID,5c11a20accb11497270a5247a7f1e66ad04c956c
failure,7408,RAIL/failure/2023-06-02/Fri_Jun__2_12:20:26_2023,322,0,6,1995801,1996123,0,75,774.9333333333333,796.4,0,140,300.7333333333333,322.2,0,132,300.7333333333333,322.2,BAIR,7152005427,RAIL+d027f2ae+2023-06-02-12h-20m-26s,fr3-290102-1324143,RAIL,True,RAIL|BAIR|7152005427,nvidia/Cosmos3-DROID,5c11a20accb11497270a5247a7f1e66ad04c956c
failure,7409,RAIL/failure/2023-06-02/Fri_Jun__2_12:21:03_2023,170,0,6,1996123,1996293,0,75,796.4,807.7333333333333,0,140,322.2,333.5333333333333,0,132,322.2,333.5333333333333,BAIR,7152005427,RAIL+d027f2ae+2023-06-02-12h-21m-03s,fr3-290102-1324143,RAIL,True,RAIL|BAIR|7152005427,nvidia/Cosmos3-DROID,5c11a20accb11497270a5247a7f1e66ad04c956c
failure,7410,RAIL/failure/2023-06-02/Fri_Jun__2_12:23:02_2023,87,0,6,1996293,1996380,0,75,807.7333333333333,813.5333333333333,0,140,333.5333333333333,339.3333333333333,0,132,333.5333333333333,339.3333333333333,BAIR,7152005427,RAIL+d027f2ae+2023-06-02-12h-23m-02s,fr3-290102-1324143,RAIL,True,RAIL|BAIR|7152005427,nvidia/Cosmos3-DROID,5c11a20accb11497270a5247a7f1e66ad04c956c
failure,7411,RAIL/failure/2023-06-02/Fri_Jun__2_12:24:22_2023,157,0,6,1996380,1996537,0,75,813.5333333333333,824.0,0,140,339.3333333333333,349.79999999999995,0,132,339.3333333333333,349.79999999999995,BAIR,7152005427,RAIL+d027f2ae+2023-06-02-12h-24m-22s,fr3-290102-1324143,RAIL,True,RAIL|BAIR|7152005427,nvidia/Cosmos3-DROID,5c11a20accb11497270a5247a7f1e66ad04c956c
failure,7412,RAIL/failure/2023-06-02/Fri_Jun__2_12:24:54_2023,83,0,6,1996537,1996620,0,75,824.0,829.5333333333333,0,140,349.79999999999995,355.3333333333333,0,132,349.79999999999995,355.3333333333333,BAIR,7152005427,RAIL+d027f2ae+2023-06-02-12h-24m-54s,fr3-290102-1324143,RAIL,True,RAIL|BAIR|7152005427,nvidia/Cosmos3-DROID,5c11a20accb11497270a5247a7f1e66ad04c956c
failure,7413,RAIL/failure/2023-06-02/Fri_Jun__2_12:25:35_2023,143,0,6,1996620,1996763,0,75,829.5333333333333,839.0666666666666,0,140,355.3333333333333,364.8666666666667,0,132,355.3333333333333,364.8666666666667,BAIR,7152005427,RAIL+d027f2ae+2023-06-02-12h-25m-35s,fr3-290102-1324143,RAIL,True,RAIL|BAIR|7152005427,nvidia/Cosmos3-DROID,5c11a20accb11497270a5247a7f1e66ad04c956c
failure,7414,RAIL/failure/2023-06-02/Fri_Jun__2_12:26:26_2023,109,0,6,1996763,1996872,0,75,839.0666666666666,846.3333333333333,0,140,364.8666666666667,372.1333333333333,0,132,364.8666666666667,372.1333333333333,BAIR,7152005427,RAIL+d027f2ae+2023-06-02-12h-26m-26s,fr3-290102-1324143,RAIL,True,RAIL|BAIR|7152005427,nvidia/Cosmos3-DROID,5c11a20accb11497270a5247a7f1e66ad04c956c
failure,7415,RAIL/failure/2023-06-02/Fri_Jun__2_12:26:42_2023,208,0,6,1996872,1997080,0,75,846.3333333333333,860.1999999999999,0,140,372.1333333333333,386.0,0,132,372.1333333333333,386.0,BAIR,7152005427,RAIL+d027f2ae+2023-06-02-12h-26m-42s,fr3-290102-1324143,RAIL,True,RAIL|BAIR|7152005427,nvidia/Cosmos3-DROID,5c11a20accb11497270a5247a7f1e66ad04c956c
failure,7416,RAIL/failure/2023-06-02/Fri_Jun__2_12:27:38_2023,112,0,6,1997080,1997192,0,75,860.1999999999999,867.6666666666666,0,140,386.0,393.4666666666666,0,132,386.0,393.4666666666666,BAIR,7152005427,RAIL+d027f2ae+2023-06-02-12h-27m-38s,fr3-290102-1324143,RAIL,True,RAIL|BAIR|7152005427,nvidia/Cosmos3-DROID,5c11a20accb11497270a5247a7f1e66ad04c956c
failure,7417,RAIL/failure/2023-06-02/Fri_Jun__2_12:28:10_2023,149,0,6,1997192,1997341,0,75,867.6666666666666,877.5999999999999,0,140,393.4666666666666,403.4,0,132,393.4666666666666,403.4,BAIR,7152005427,RAIL+d027f2ae+2023-06-02-12h-28m-10s,fr3-290102-1324143,RAIL,True,RAIL|BAIR|7152005427,nvidia/Cosmos3-DROID,5c11a20accb11497270a5247a7f1e66ad04c956c
failure,7418,RAIL/failure/2023-06-02/Fri_Jun__2_12:29:03_2023,204,0,6,1997341,1997545,0,75,877.5999999999999,891.1999999999999,0,140,403.4,417.0,0,132,403.4,417.0,BAIR,7152005427,RAIL+d027f2ae+2023-06-02-12h-29m-03s,fr3-290102-1324143,RAIL,True,RAIL|BAIR|7152005427,nvidia/Cosmos3-DROID,5c11a20accb11497270a5247a7f1e66ad04c956c
failure,7419,RAIL/failure/2023-06-02/Fri_Jun__2_12:29:36_2023,124,0,6,1997545,1997669,0,75,891.1999999999999,899.4666666666666,0,140,417.0,425.26666666666665,0,132,417.0,425.26666666666665,BAIR,7152005427,RAIL+d027f2ae+2023-06-02-12h-29m-36s,fr3-290102-1324143,RAIL,True,RAIL|BAIR|7152005427,nvidia/Cosmos3-DROID,5c11a20accb11497270a5247a7f1e66ad04c956c
failure,7420,RAIL/failure/2023-06-02/Fri_Jun__2_12:31:24_2023,54,0,6,1997669,1997723,0,75,899.4666666666666,903.0666666666666,0,140,425.26666666666665,428.8666666666667,0,132,425.26666666666665,428.8666666666667,BAIR,7152005427,RAIL+d027f2ae+2023-06-02-12h-31m-24s,fr3-290102-1324143,RAIL,True,RAIL|BAIR|7152005427,nvidia/Cosmos3-DROID,5c11a20accb11497270a5247a7f1e66ad04c956c
failure,7421,RAIL/failure/2023-06-02/Fri_Jun__2_12:32:44_2023,164,0,6,1997723,1997887,0,75,903.0666666666666,914.0,0,140,428.8666666666667,439.8,0,132,428.8666666666667,439.8,BAIR,7152005427,RAIL+d027f2ae+2023-06-02-12h-32m-44s,fr3-290102-1324143,RAIL,True,RAIL|BAIR|7152005427,nvidia/Cosmos3-DROID,5c11a20accb11497270a5247a7f1e66ad04c956c
failure,7422,RAIL/failure/2023-06-02/Fri_Jun__2_12:34:06_2023,283,0,6,1997887,1998170,0,75,914.0,932.8666666666666,0,140,439.8,458.6666666666667,0,132,439.8,458.6666666666667,BAIR,7152005427,RAIL+d027f2ae+2023-06-02-12h-34m-06s,fr3-290102-1324143,RAIL,True,RAIL|BAIR|7152005427,nvidia/Cosmos3-DROID,5c11a20accb11497270a5247a7f1e66ad04c956c
failure,7423,RAIL/failure/2023-06-02/Fri_Jun__2_12:35:04_2023,344,0,6,1998170,1998514,0,75,932.8666666666666,955.7999999999998,0,140,458.6666666666667,481.6,0,132,458.6666666666667,481.6,BAIR,7152005427,RAIL+d027f2ae+2023-06-02-12h-35m-04s,fr3-290102-1324143,RAIL,True,RAIL|BAIR|7152005427,nvidia/Cosmos3-DROID,5c11a20accb11497270a5247a7f1e66ad04c956c
failure,7424,RAIL/failure/2023-06-02/Fri_Jun__2_12:35:51_2023,80,0,6,1998514,1998594,0,75,955.7999999999998,961.1333333333332,0,140,481.6,486.9333333333333,0,132,481.6,486.9333333333333,BAIR,7152005427,RAIL+d027f2ae+2023-06-02-12h-35m-51s,fr3-290102-1324143,RAIL,True,RAIL|BAIR|7152005427,nvidia/Cosmos3-DROID,5c11a20accb11497270a5247a7f1e66ad04c956c
failure,7425,RAIL/failure/2023-06-02/Fri_Jun__2_16:27:23_2023,128,0,6,1998594,1998722,0,75,961.1333333333332,969.6666666666664,0,140,486.9333333333333,495.4666666666667,0,132,486.9333333333333,495.4666666666667,BAIR,9281873836,RAIL+d027f2ae+2023-06-02-16h-27m-23s,fr3-290102-1324143,RAIL,True,RAIL|BAIR|9281873836,nvidia/Cosmos3-DROID,5c11a20accb11497270a5247a7f1e66ad04c956c
failure,7426,RAIL/failure/2023-06-02/Fri_Jun__2_16:28:29_2023,124,0,6,1998722,1998846,0,75,969.6666666666664,977.9333333333332,0,140,495.4666666666667,503.73333333333335,0,132,495.4666666666667,503.73333333333335,BAIR,9281873836,RAIL+d027f2ae+2023-06-02-16h-28m-29s,fr3-290102-1324143,RAIL,True,RAIL|BAIR|9281873836,nvidia/Cosmos3-DROID,5c11a20accb11497270a5247a7f1e66ad04c956c
failure,7427,RAIL/failure/2023-06-02/Fri_Jun__2_16:29:03_2023,103,0,6,1998846,1998949,0,75,977.9333333333332,984.7999999999998,0,140,503.73333333333335,510.6,0,132,503.73333333333335,510.6,BAIR,9281873836,RAIL+d027f2ae+2023-06-02-16h-29m-03s,fr3-290102-1324143,RAIL,True,RAIL|BAIR|9281873836,nvidia/Cosmos3-DROID,5c11a20accb11497270a5247a7f1e66ad04c956c
failure,7428,RAIL/failure/2023-06-02/Fri_Jun__2_16:29:47_2023,74,0,6,1998949,1999023,0,75,984.7999999999998,989.7333333333332,0,140,510.6,515.5333333333333,0,132,510.6,515.5333333333333,BAIR,9281873836,RAIL+d027f2ae+2023-06-02-16h-29m-47s,fr3-290102-1324143,RAIL,True,RAIL|BAIR|9281873836,nvidia/Cosmos3-DROID,5c11a20accb11497270a5247a7f1e66ad04c956c
failure,7429,RAIL/failure/2023-06-02/Fri_Jun__2_16:30:39_2023,207,0,6,1999023,1999230,0,75,989.7333333333332,1003.5333333333332,0,140,515.5333333333333,529.3333333333333,0,132,515.5333333333333,529.3333333333333,BAIR,9281873836,RAIL+d027f2ae+2023-06-02-16h-30m-39s,fr3-290102-1324143,RAIL,True,RAIL|BAIR|9281873836,nvidia/Cosmos3-DROID,5c11a20accb11497270a5247a7f1e66ad04c956c
failure,7430,RAIL/failure/2023-06-02/Fri_Jun__2_16:31:50_2023,94,0,6,1999230,1999324,0,75,1003.5333333333332,1009.7999999999996,0,140,529.3333333333333,535.5999999999999,0,132,529.3333333333333,535.5999999999999,BAIR,9281873836,RAIL+d027f2ae+2023-06-02-16h-31m-50s,fr3-290102-1324143,RAIL,True,RAIL|BAIR|9281873836,nvidia/Cosmos3-DROID,5c11a20accb11497270a5247a7f1e66ad04c956c
failure,7431,RAIL/failure/2023-06-02/Fri_Jun__2_16:32:13_2023,140,0,6,1999324,1999464,0,75,1009.7999999999996,1019.1333333333332,0,140,535.5999999999999,544.9333333333333,0,132,535.5999999999999,544.9333333333333,BAIR,9281873836,RAIL+d027f2ae+2023-06-02-16h-32m-13s,fr3-290102-1324143,RAIL,True,RAIL|BAIR|9281873836,nvidia/Cosmos3-DROID,5c11a20accb11497270a5247a7f1e66ad04c956c
failure,7432,RAIL/failure/2023-06-02/Fri_Jun__2_16:32:31_2023,143,0,6,1999464,1999607,0,75,1019.1333333333332,1028.6666666666663,0,140,544.9333333333333,554.4666666666666,0,132,544.9333333333333,554.4666666666666,BAIR,9281873836,RAIL+d027f2ae+2023-06-02-16h-32m-31s,fr3-290102-1324143,RAIL,True,RAIL|BAIR|9281873836,nvidia/Cosmos3-DROID,5c11a20accb11497270a5247a7f1e66ad04c956c
failure,7433,RAIL/failure/2023-06-02/Fri_Jun__2_16:32:54_2023,77,0,6,1999607,1999684,0,75,1028.6666666666663,1033.8,0,140,554.4666666666666,559.5999999999999,0,132,554.4666666666666,559.5999999999999,BAIR,9281873836,RAIL+d027f2ae+2023-06-02-16h-32m-54s,fr3-290102-1324143,RAIL,True,RAIL|BAIR|9281873836,nvidia/Cosmos3-DROID,5c11a20accb11497270a5247a7f1e66ad04c956c
failure,7434,RAIL/failure/2023-06-02/Fri_Jun__2_16:33:15_2023,252,0,6,1999684,1999936,0,75,1033.8,1050.6,0,140,559.5999999999999,576.3999999999999,0,132,559.5999999999999,576.3999999999999,BAIR,9281873836,RAIL+d027f2ae+2023-06-02-16h-33m-15s,fr3-290102-1324143,RAIL,True,RAIL|BAIR|9281873836,nvidia/Cosmos3-DROID,5c11a20accb11497270a5247a7f1e66ad04c956c
failure,7435,RAIL/failure/2023-06-02/Fri_Jun__2_16:33:45_2023,97,0,6,1999936,2000033,0,75,1050.6,1057.0666666666666,0,140,576.3999999999999,582.8666666666666,0,132,576.3999999999999,582.8666666666666,BAIR,9281873836,RAIL+d027f2ae+2023-06-02-16h-33m-45s,fr3-290102-1324143,RAIL,True,RAIL|BAIR|9281873836,nvidia/Cosmos3-DROID,5c11a20accb11497270a5247a7f1e66ad04c956c
failure,7436,RAIL/failure/2023-06-02/Fri_Jun__2_16:34:09_2023,164,0,6,2000033,2000197,0,75,1057.0666666666666,1068.0,0,140,582.8666666666666,593.7999999999998,0,132,582.8666666666666,593.7999999999998,BAIR,9281873836,RAIL+d027f2ae+2023-06-02-16h-34m-09s,fr3-290102-1324143,RAIL,True,RAIL|BAIR|9281873836,nvidia/Cosmos3-DROID,5c11a20accb11497270a5247a7f1e66ad04c956c
failure,7437,RAIL/failure/2023-06-02/Fri_Jun__2_16:49:46_2023,136,0,6,2000197,2000333,0,75,1068.0,1077.0666666666666,0,140,593.7999999999998,602.8666666666666,0,132,593.7999999999998,602.8666666666666,BAIR,9281873836,RAIL+d027f2ae+2023-06-02-16h-49m-46s,fr3-290102-1324143,RAIL,True,RAIL|BAIR|9281873836,nvidia/Cosmos3-DROID,5c11a20accb11497270a5247a7f1e66ad04c956c
failure,7438,RAIL/failure/2023-06-02/Fri_Jun__2_16:51:22_2023,139,0,6,2000333,2000472,0,75,1077.0666666666666,1086.3333333333333,0,140,602.8666666666666,612.1333333333332,0,132,602.8666666666666,612.1333333333332,BAIR,9281873836,RAIL+d027f2ae+2023-06-02-16h-51m-22s,fr3-290102-1324143,RAIL,True,RAIL|BAIR|9281873836,nvidia/Cosmos3-DROID,5c11a20accb11497270a5247a7f1e66ad04c956c
failure,7439,RAIL/failure/2023-06-02/Fri_Jun__2_16:54:00_2023,78,0,6,2000472,2000550,0,75,1086.3333333333333,1091.5333333333333,0,140,612.1333333333332,617.3333333333333,0,132,612.1333333333332,617.3333333333333,BAIR,9281873836,RAIL+d027f2ae+2023-06-02-16h-54m-00s,fr3-290102-1324143,RAIL,True,RAIL|BAIR|9281873836,nvidia/Cosmos3-DROID,5c11a20accb11497270a5247a7f1e66ad04c956c
failure,7440,RAIL/failure/2023-06-02/Fri_Jun__2_16:54:23_2023,93,0,6,2000550,2000643,0,75,1091.5333333333333,1097.7333333333331,0,140,617.3333333333333,623.5333333333333,0,132,617.3333333333333,623.5333333333333,BAIR,9281873836,RAIL+d027f2ae+2023-06-02-16h-54m-23s,fr3-290102-1324143,RAIL,True,RAIL|BAIR|9281873836,nvidia/Cosmos3-DROID,5c11a20accb11497270a5247a7f1e66ad04c956c
failure,7470,RAIL/failure/2023-06-02/Fri_Jun__2_17:46:21_2023,102,0,6,2005914,2006016,0,76,0.0,6.8,0,141,351.4,358.2,0,133,309.2,316.0,BAIR,9281873836,RAIL+d027f2ae+2023-06-02-17h-46m-21s,fr3-290102-1324143,RAIL,True,RAIL|BAIR|9281873836,nvidia/Cosmos3-DROID,5c11a20accb11497270a5247a7f1e66ad04c956c
failure,7471,RAIL/failure/2023-06-02/Fri_Jun__2_17:47:17_2023,133,0,6,2006016,2006149,0,76,6.8,15.666666666666668,0,141,358.2,367.06666666666666,0,133,316.0,324.8666666666667,BAIR,9281873836,RAIL+d027f2ae+2023-06-02-17h-47m-17s,fr3-290102-1324143,RAIL,True,RAIL|BAIR|9281873836,nvidia/Cosmos3-DROID,5c11a20accb11497270a5247a7f1e66ad04c956c
failure,7472,RAIL/failure/2023-06-02/Fri_Jun__2_17:47:33_2023,91,0,6,2006149,2006240,0,76,15.666666666666668,21.73333333333333,0,141,367.06666666666666,373.1333333333333,0,133,324.8666666666667,330.93333333333334,BAIR,9281873836,RAIL+d027f2ae+2023-06-02-17h-47m-33s,fr3-290102-1324143,RAIL,True,RAIL|BAIR|9281873836,nvidia/Cosmos3-DROID,5c11a20accb11497270a5247a7f1e66ad04c956c
failure,7473,RAIL/failure/2023-06-02/Fri_Jun__2_17:47:49_2023,199,0,6,2006240,2006439,0,76,21.73333333333333,35.0,0,141,373.1333333333333,386.4,0,133,330.93333333333334,344.2,BAIR,9281873836,RAIL+d027f2ae+2023-06-02-17h-47m-49s,fr3-290102-1324143,RAIL,True,RAIL|BAIR|9281873836,nvidia/Cosmos3-DROID,5c11a20accb11497270a5247a7f1e66ad04c956c
failure,7474,RAIL/failure/2023-06-02/Fri_Jun__2_17:48:30_2023,117,0,6,2006439,2006556,0,76,35.0,42.8,0,141,386.4,394.2,0,133,344.2,352.0,BAIR,9281873836,RAIL+d027f2ae+2023-06-02-17h-48m-30s,fr3-290102-1324143,RAIL,True,RAIL|BAIR|9281873836,nvidia/Cosmos3-DROID,5c11a20accb11497270a5247a7f1e66ad04c956c
failure,7475,RAIL/failure/2023-06-02/Fri_Jun__2_17:53:55_2023,80,0,6,2006556,2006636,0,76,42.8,48.13333333333333,0,141,394.2,399.5333333333333,0,133,352.0,357.3333333333333,BAIR,9281873836,RAIL+d027f2ae+2023-06-02-17h-53m-55s,fr3-290102-1324143,RAIL,True,RAIL|BAIR|9281873836,nvidia/Cosmos3-DROID,5c11a20accb11497270a5247a7f1e66ad04c956c
failure,7476,RAIL/failure/2023-06-02/Fri_Jun__2_17:57:31_2023,120,0,6,2006636,2006756,0,76,48.13333333333333,56.13333333333333,0,141,399.5333333333333,407.5333333333333,0,133,357.3333333333333,365.3333333333333,BAIR,9281873836,RAIL+d027f2ae+2023-06-02-17h-57m-31s,fr3-290102-1324143,RAIL,True,RAIL|BAIR|9281873836,nvidia/Cosmos3-DROID,5c11a20accb11497270a5247a7f1e66ad04c956c
failure,7478,RAIL/failure/2023-06-02/Fri_Jun__2_17:57:56_2023,190,0,6,2006786,2006976,0,76,58.13333333333333,70.8,0,141,409.5333333333333,422.2,0,133,367.3333333333333,380.0,BAIR,9281873836,RAIL+d027f2ae+2023-06-02-17h-57m-56s,fr3-290102-1324143,RAIL,True,RAIL|BAIR|9281873836,nvidia/Cosmos3-DROID,5c11a20accb11497270a5247a7f1e66ad04c956c
failure,7479,RAIL/failure/2023-06-02/Fri_Jun__2_17:58:17_2023,195,0,6,2006976,2007171,0,76,70.8,83.8,0,141,422.2,435.2,0,133,380.0,393.0,BAIR,9281873836,RAIL+d027f2ae+2023-06-02-17h-58m-17s,fr3-290102-1324143,RAIL,True,RAIL|BAIR|9281873836,nvidia/Cosmos3-DROID,5c11a20accb11497270a5247a7f1e66ad04c956c
failure,7480,RAIL/failure/2023-06-02/Fri_Jun__2_17:58:40_2023,191,0,6,2007171,2007362,0,76,83.8,96.53333333333332,0,141,435.2,447.9333333333333,0,133,393.0,405.73333333333335,BAIR,9281873836,RAIL+d027f2ae+2023-06-02-17h-58m-40s,fr3-290102-1324143,RAIL,True,RAIL|BAIR|9281873836,nvidia/Cosmos3-DROID,5c11a20accb11497270a5247a7f1e66ad04c956c
failure,7481,RAIL/failure/2023-06-02/Fri_Jun__2_17:59:05_2023,407,0,6,2007362,2007769,0,76,96.53333333333332,123.66666666666666,0,141,447.9333333333333,475.06666666666666,0,133,405.73333333333335,432.8666666666667,BAIR,9281873836,RAIL+d027f2ae+2023-06-02-17h-59m-05s,fr3-290102-1324143,RAIL,True,RAIL|BAIR|9281873836,nvidia/Cosmos3-DROID,5c11a20accb11497270a5247a7f1e66ad04c956c
failure,7482,RAIL/failure/2023-06-02/Fri_Jun__2_18:02:46_2023,195,0,6,2007769,2007964,0,76,123.66666666666666,136.66666666666666,0,141,475.06666666666666,488.06666666666666,0,133,432.8666666666667,445.8666666666667,BAIR,9281873836,RAIL+d027f2ae+2023-06-02-18h-02m-46s,fr3-290102-1324143,RAIL,True,RAIL|BAIR|9281873836,nvidia/Cosmos3-DROID,5c11a20accb11497270a5247a7f1e66ad04c956c
failure,7483,RAIL/failure/2023-06-02/Fri_Jun__2_18:03:37_2023,162,0,6,2007964,2008126,0,76,136.66666666666666,147.46666666666667,0,141,488.06666666666666,498.8666666666667,0,133,445.8666666666667,456.6666666666667,BAIR,9281873836,RAIL+d027f2ae+2023-06-02-18h-03m-37s,fr3-290102-1324143,RAIL,True,RAIL|BAIR|9281873836,nvidia/Cosmos3-DROID,5c11a20accb11497270a5247a7f1e66ad04c956c
failure,7484,RAIL/failure/2023-06-02/Fri_Jun__2_18:04:16_2023,237,0,6,2008126,2008363,0,76,147.46666666666667,163.26666666666668,0,141,498.8666666666667,514.6666666666666,0,133,456.6666666666667,472.4666666666667,BAIR,9281873836,RAIL+d027f2ae+2023-06-02-18h-04m-16s,fr3-290102-1324143,RAIL,True,RAIL|BAIR|9281873836,nvidia/Cosmos3-DROID,5c11a20accb11497270a5247a7f1e66ad04c956c
failure,7485,RAIL/failure/2023-06-02/Fri_Jun__2_18:04:42_2023,111,0,6,2008363,2008474,0,76,163.26666666666668,170.66666666666669,0,141,514.6666666666666,522.0666666666666,0,133,472.4666666666667,479.8666666666667,BAIR,9281873836,RAIL+d027f2ae+2023-06-02-18h-04m-42s,fr3-290102-1324143,RAIL,True,RAIL|BAIR|9281873836,nvidia/Cosmos3-DROID,5c11a20accb11497270a5247a7f1e66ad04c956c
failure,7486,RAIL/failure/2023-06-02/Fri_Jun__2_18:07:14_2023,154,0,6,2008474,2008628,0,76,170.66666666666669,180.93333333333337,0,141,522.0666666666666,532.3333333333333,0,133,479.8666666666667,490.1333333333333,BAIR,9281873836,RAIL+d027f2ae+2023-06-02-18h-07m-14s,fr3-290102-1324143,RAIL,True,RAIL|BAIR|9281873836,nvidia/Cosmos3-DROID,5c11a20accb11497270a5247a7f1e66ad04c956c
failure,7488,RAIL/failure/2023-06-02/Fri_Jun__2_18:08:55_2023,60,0,6,2008660,2008720,0,76,183.0666666666667,187.0666666666667,0,141,534.4666666666666,538.4666666666666,0,133,492.26666666666665,496.26666666666665,BAIR,9281873836,RAIL+d027f2ae+2023-06-02-18h-08m-55s,fr3-290102-1324143,RAIL,True,RAIL|BAIR|9281873836,nvidia/Cosmos3-DROID,5c11a20accb11497270a5247a7f1e66ad04c956c
failure,7489,RAIL/failure/2023-06-02/Fri_Jun__2_18:09:45_2023,74,0,6,2008720,2008794,0,76,187.0666666666667,192.00000000000003,0,141,538.4666666666666,543.3999999999999,0,133,496.26666666666665,501.2,BAIR,9281873836,RAIL+d027f2ae+2023-06-02-18h-09m-45s,fr3-290102-1324143,RAIL,True,RAIL|BAIR|9281873836,nvidia/Cosmos3-DROID,5c11a20accb11497270a5247a7f1e66ad04c956c
failure,7490,RAIL/failure/2023-06-02/Fri_Jun__2_18:11:02_2023,194,0,6,2008794,2008988,0,76,192.00000000000003,204.93333333333337,0,141,543.3999999999999,556.3333333333331,0,133,501.2,514.1333333333333,BAIR,9281873836,RAIL+d027f2ae+2023-06-02-18h-11m-02s,fr3-290102-1324143,RAIL,True,RAIL|BAIR|9281873836,nvidia/Cosmos3-DROID,5c11a20accb11497270a5247a7f1e66ad04c956c
failure,7491,RAIL/failure/2023-06-05/Mon_Jun__5_14:00:51_2023,286,0,6,2008988,2009274,0,76,204.93333333333337,224.00000000000003,0,141,556.3333333333331,575.3999999999999,0,133,514.1333333333333,533.2,BAIR,712668822,RAIL+d027f2ae+2023-06-05-14h-00m-51s,fr3-290102-1324143,RAIL,True,RAIL|BAIR|712668822,nvidia/Cosmos3-DROID,5c11a20accb11497270a5247a7f1e66ad04c956c
failure,7492,RAIL/failure/2023-06-05/Mon_Jun__5_14:01:31_2023,118,0,6,2009274,2009392,0,76,224.00000000000003,231.8666666666667,0,141,575.3999999999999,583.2666666666665,0,133,533.2,541.0666666666667,BAIR,712668822,RAIL+d027f2ae+2023-06-05-14h-01m-31s,fr3-290102-1324143,RAIL,True,RAIL|BAIR|712668822,nvidia/Cosmos3-DROID,5c11a20accb11497270a5247a7f1e66ad04c956c
failure,7493,RAIL/failure/2023-06-05/Mon_Jun__5_14:01:48_2023,39,0,6,2009392,2009431,0,76,231.8666666666667,234.4666666666667,0,141,583.2666666666665,585.8666666666666,0,133,541.0666666666667,543.6666666666667,BAIR,712668822,RAIL+d027f2ae+2023-06-05-14h-01m-48s,fr3-290102-1324143,RAIL,True,RAIL|BAIR|712668822,nvidia/Cosmos3-DROID,5c11a20accb11497270a5247a7f1e66ad04c956c
failure,7494,RAIL/failure/2023-06-05/Mon_Jun__5_14:02:28_2023,111,0,6,2009431,2009542,0,76,234.4666666666667,241.8666666666667,0,141,585.8666666666666,593.2666666666665,0,133,543.6666666666667,551.0666666666667,BAIR,712668822,RAIL+d027f2ae+2023-06-05-14h-02m-28s,fr3-290102-1324143,RAIL,True,RAIL|BAIR|712668822,nvidia/Cosmos3-DROID,5c11a20accb11497270a5247a7f1e66ad04c956c
failure,7495,RAIL/failure/2023-06-05/Mon_Jun__5_14:13:36_2023,56,0,6,2009542,2009598,0,76,241.8666666666667,245.6,0,141,593.2666666666665,596.9999999999999,0,133,551.0666666666667,554.8000000000001,BAIR,3932433956,RAIL+d027f2ae+2023-06-05-14h-13m-36s,fr3-290102-1324143,RAIL,True,RAIL|BAIR|3932433956,nvidia/Cosmos3-DROID,5c11a20accb11497270a5247a7f1e66ad04c956c
failure,7636,RAIL/failure/2023-06-06/Tue_Jun__6_15:43:54_2023,89,0,6,2029758,2029847,0,77,0.0,5.933333333333334,0,143,444.2666666666668,450.20000000000016,0,135,202.0,207.9333333333333,BAIR,6314463509,RAIL+d027f2ae+2023-06-06-15h-43m-54s,fr3-290102-1324143,RAIL,True,RAIL|BAIR|6314463509,nvidia/Cosmos3-DROID,5c11a20accb11497270a5247a7f1e66ad04c956c
failure,7637,RAIL/failure/2023-06-06/Tue_Jun__6_15:44:44_2023,79,0,6,2029847,2029926,0,77,5.933333333333334,11.2,0,143,450.20000000000016,455.4666666666668,0,135,207.9333333333333,213.2,BAIR,6314463509,RAIL+d027f2ae+2023-06-06-15h-44m-44s,fr3-290102-1324143,RAIL,True,RAIL|BAIR|6314463509,nvidia/Cosmos3-DROID,5c11a20accb11497270a5247a7f1e66ad04c956c
failure,7638,RAIL/failure/2023-06-06/Tue_Jun__6_15:45:53_2023,191,0,6,2029926,2030117,0,77,11.2,23.93333333333333,0,143,455.4666666666668,468.20000000000016,0,135,213.2,225.9333333333333,BAIR,6314463509,RAIL+d027f2ae+2023-06-06-15h-45m-53s,fr3-290102-1324143,RAIL,True,RAIL|BAIR|6314463509,nvidia/Cosmos3-DROID,5c11a20accb11497270a5247a7f1e66ad04c956c
failure,7639,RAIL/failure/2023-06-06/Tue_Jun__6_15:46:18_2023,124,0,6,2030117,2030241,0,77,23.93333333333333,32.2,0,143,468.20000000000016,476.4666666666668,0,135,225.9333333333333,234.2,BAIR,6314463509,RAIL+d027f2ae+2023-06-06-15h-46m-18s,fr3-290102-1324143,RAIL,True,RAIL|BAIR|6314463509,nvidia/Cosmos3-DROID,5c11a20accb11497270a5247a7f1e66ad04c956c
failure,10164,REAL/failure/2023-06-08/Thu_Jun__8_12:17:25_2023,151,0,7,2426877,2427028,0,95,1597.666666666668,1607.7333333333345,0,176,0.0,10.066666666666666,0,165,1202.3333333333337,1212.4,Glens office,8702636502,REAL+4f8ca688+2023-06-08-12h-17m-25s,295341-1326783,REAL,True,REAL|Glens office|8702636502,nvidia/Cosmos3-DROID,5c11a20accb11497270a5247a7f1e66ad04c956c
failure,10165,REAL/failure/2023-06-08/Thu_Jun__8_12:18:04_2023,166,0,7,2427028,2427194,0,95,1607.7333333333345,1618.800000000001,0,176,10.066666666666666,21.133333333333333,0,165,1212.4,1223.4666666666667,Glens office,8702636502,REAL+4f8ca688+2023-06-08-12h-18m-04s,295341-1326783,REAL,True,REAL|Glens office|8702636502,nvidia/Cosmos3-DROID,5c11a20accb11497270a5247a7f1e66ad04c956c
failure,10166,REAL/failure/2023-06-08/Thu_Jun__8_12:18:25_2023,382,0,7,2427194,2427576,0,95,1618.800000000001,1644.2666666666678,0,176,21.133333333333333,46.6,0,165,1223.4666666666667,1248.9333333333334,Glens office,8702636502,REAL+4f8ca688+2023-06-08-12h-18m-25s,295341-1326783,REAL,True,REAL|Glens office|8702636502,nvidia/Cosmos3-DROID,5c11a20accb11497270a5247a7f1e66ad04c956c
failure,10228,REAL/failure/2023-06-09/Fri_Jun__9_12:40:42_2023,428,0,7,2448915,2449343,0,96,569.9333333333333,598.4666666666666,0,177,305.1333333333333,333.6666666666667,0,167,0.0,28.53333333333333,Mila staff kitchen,9289357876,REAL+de601749+2023-06-09-12h-40m-42s,295341-1326783,REAL,True,REAL|Mila staff kitchen|9289357876,nvidia/Cosmos3-DROID,5c11a20accb11497270a5247a7f1e66ad04c956c
failure,10229,REAL/failure/2023-06-09/Fri_Jun__9_12:44:22_2023,323,0,7,2449343,2449666,0,96,598.4666666666666,619.9999999999999,0,177,333.6666666666667,355.20000000000005,0,167,28.53333333333333,50.06666666666667,Mila staff kitchen,9289357876,REAL+de601749+2023-06-09-12h-44m-22s,295341-1326783,REAL,True,REAL|Mila staff kitchen|9289357876,nvidia/Cosmos3-DROID,5c11a20accb11497270a5247a7f1e66ad04c956c
failure,10230,REAL/failure/2023-06-09/Fri_Jun__9_12:46:53_2023,366,0,7,2449666,2450032,0,96,619.9999999999999,644.3999999999999,0,177,355.20000000000005,379.6,0,167,50.06666666666667,74.46666666666667,Mila staff kitchen,7978324353,REAL+de601749+2023-06-09-12h-46m-53s,295341-1326783,REAL,True,REAL|Mila staff kitchen|7978324353,nvidia/Cosmos3-DROID,5c11a20accb11497270a5247a7f1e66ad04c956c
failure,10231,REAL/failure/2023-06-09/Fri_Jun__9_12:48:58_2023,322,0,7,2450032,2450354,0,96,644.3999999999999,665.8666666666666,0,177,379.6,401.06666666666666,0,167,74.46666666666667,95.93333333333334,Mila staff kitchen,7495826358,REAL+de601749+2023-06-09-12h-48m-58s,295341-1326783,REAL,True,REAL|Mila staff kitchen|7495826358,nvidia/Cosmos3-DROID,5c11a20accb11497270a5247a7f1e66ad04c956c
failure,10232,REAL/failure/2023-06-09/Fri_Jun__9_12:52:20_2023,990,0,7,2450354,2451344,0,96,665.8666666666666,731.8666666666666,0,177,401.06666666666666,467.06666666666666,0,167,95.93333333333334,161.93333333333334,Mila staff kitchen,7495826358,REAL+de601749+2023-06-09-12h-52m-20s,295341-1326783,REAL,True,REAL|Mila staff kitchen|7495826358,nvidia/Cosmos3-DROID,5c11a20accb11497270a5247a7f1e66ad04c956c
failure,10233,REAL/failure/2023-06-09/Fri_Jun__9_12:54:14_2023,685,0,7,2451344,2452029,0,96,731.8666666666666,777.5333333333332,0,177,467.06666666666666,512.7333333333333,0,167,161.93333333333334,207.6,Mila staff kitchen,7495826358,REAL+de601749+2023-06-09-12h-54m-14s,295341-1326783,REAL,True,REAL|Mila staff kitchen|7495826358,nvidia/Cosmos3-DROID,5c11a20accb11497270a5247a7f1e66ad04c956c
failure,10234,REAL/failure/2023-06-09/Fri_Jun__9_12:56:02_2023,1007,0,7,2452029,2453036,0,96,777.5333333333332,844.6666666666665,0,177,512.7333333333333,579.8666666666667,0,167,207.6,274.7333333333333,Mila staff kitchen,7495826358,REAL+de601749+2023-06-09-12h-56m-02s,295341-1326783,REAL,True,REAL|Mila staff kitchen|7495826358,nvidia/Cosmos3-DROID,5c11a20accb11497270a5247a7f1e66ad04c956c
failure,10235,REAL/failure/2023-06-09/Fri_Jun__9_12:57:57_2023,181,0,7,2453036,2453217,0,96,844.6666666666665,856.7333333333332,0,177,579.8666666666667,591.9333333333334,0,167,274.7333333333333,286.8,Mila staff kitchen,7495826358,REAL+de601749+2023-06-09-12h-57m-57s,295341-1326783,REAL,True,REAL|Mila staff kitchen|7495826358,nvidia/Cosmos3-DROID,5c11a20accb11497270a5247a7f1e66ad04c956c
failure,10236,REAL/failure/2023-06-09/Fri_Jun__9_13:04:02_2023,221,0,7,2453217,2453438,0,96,856.7333333333332,871.4666666666666,0,177,591.9333333333334,606.6666666666667,0,167,286.8,301.53333333333336,Mila staff kitchen,8907404085,REAL+de601749+2023-06-09-13h-04m-02s,295341-1326783,REAL,True,REAL|Mila staff kitchen|8907404085,nvidia/Cosmos3-DROID,5c11a20accb11497270a5247a7f1e66ad04c956c
failure,10237,REAL/failure/2023-06-09/Fri_Jun__9_13:04:32_2023,452,0,7,2453438,2453890,0,96,871.4666666666666,901.6,0,177,606.6666666666667,636.8000000000001,0,167,301.53333333333336,331.6666666666667,Mila staff kitchen,8907404085,REAL+de601749+2023-06-09-13h-04m-32s,295341-1326783,REAL,True,REAL|Mila staff kitchen|8907404085,nvidia/Cosmos3-DROID,5c11a20accb11497270a5247a7f1e66ad04c956c
failure,10238,REAL/failure/2023-06-09/Fri_Jun__9_13:06:13_2023,592,0,7,2453890,2454482,0,96,901.6,941.0666666666666,0,177,636.8000000000001,676.2666666666668,0,167,331.6666666666667,371.1333333333333,Mila staff kitchen,8907404085,REAL+de601749+2023-06-09-13h-06m-13s,295341-1326783,REAL,True,REAL|Mila staff kitchen|8907404085,nvidia/Cosmos3-DROID,5c11a20accb11497270a5247a7f1e66ad04c956c
failure,10239,REAL/failure/2023-06-09/Fri_Jun__9_13:08:41_2023,144,0,7,2454482,2454626,0,96,941.0666666666666,950.6666666666666,0,177,676.2666666666668,685.8666666666668,0,167,371.1333333333333,380.73333333333335,Mila staff kitchen,8907404085,REAL+de601749+2023-06-09-13h-08m-41s,295341-1326783,REAL,True,REAL|Mila staff kitchen|8907404085,nvidia/Cosmos3-DROID,5c11a20accb11497270a5247a7f1e66ad04c956c
failure,10240,REAL/failure/2023-06-09/Fri_Jun__9_13:09:00_2023,298,0,7,2454626,2454924,0,96,950.6666666666666,970.5333333333332,0,177,685.8666666666668,705.7333333333335,0,167,380.73333333333335,400.6,Mila staff kitchen,8907404085,REAL+de601749+2023-06-09-13h-09m-00s,295341-1326783,REAL,True,REAL|Mila staff kitchen|8907404085,nvidia/Cosmos3-DROID,5c11a20accb11497270a5247a7f1e66ad04c956c
failure,10241,REAL/failure/2023-06-10/Sat_Jun_10_13:27:35_2023,253,0,7,2454924,2455177,0,96,970.5333333333332,987.4,0,177,705.7333333333335,722.6000000000001,0,167,400.6,417.4666666666667,Mila staff kitchen,2195051007,REAL+de601749+2023-06-10-13h-27m-35s,295341-1326783,REAL,True,REAL|Mila staff kitchen|2195051007,nvidia/Cosmos3-DROID,5c11a20accb11497270a5247a7f1e66ad04c956c
failure,10242,REAL/failure/2023-06-10/Sat_Jun_10_13:28:27_2023,212,0,7,2455177,2455389,0,96,987.4,1001.5333333333332,0,177,722.6000000000001,736.7333333333335,0,167,417.4666666666667,431.6,Mila staff kitchen,2195051007,REAL+de601749+2023-06-10-13h-28m-27s,295341-1326783,REAL,True,REAL|Mila staff kitchen|2195051007,nvidia/Cosmos3-DROID,5c11a20accb11497270a5247a7f1e66ad04c956c
failure,10243,REAL/failure/2023-06-10/Sat_Jun_10_13:29:25_2023,176,0,7,2455389,2455565,0,96,1001.5333333333332,1013.2666666666668,0,177,736.7333333333335,748.4666666666668,0,167,431.6,443.33333333333337,Mila staff kitchen,2195051007,REAL+de601749+2023-06-10-13h-29m-25s,295341-1326783,REAL,True,REAL|Mila staff kitchen|2195051007,nvidia/Cosmos3-DROID,5c11a20accb11497270a5247a7f1e66ad04c956c
failure,10244,REAL/failure/2023-06-10/Sat_Jun_10_13:30:23_2023,117,0,7,2455565,2455682,0,96,1013.2666666666668,1021.0666666666666,0,177,748.4666666666668,756.2666666666668,0,167,443.33333333333337,451.1333333333334,Mila staff kitchen,2195051007,REAL+de601749+2023-06-10-13h-30m-23s,295341-1326783,REAL,True,REAL|Mila staff kitchen|2195051007,nvidia/Cosmos3-DROID,5c11a20accb11497270a5247a7f1e66ad04c956c
failure,10245,REAL/failure/2023-06-10/Sat_Jun_10_13:31:20_2023,403,0,7,2455682,2456085,0,96,1021.0666666666666,1047.9333333333332,0,177,756.2666666666668,783.1333333333334,0,167,451.1333333333334,478.00000000000006,Mila staff kitchen,2863612577,REAL+de601749+2023-06-10-13h-31m-20s,295341-1326783,REAL,True,REAL|Mila staff kitchen|2863612577,nvidia/Cosmos3-DROID,5c11a20accb11497270a5247a7f1e66ad04c956c
failure,10246,REAL/failure/2023-06-10/Sat_Jun_10_13:41:50_2023,203,0,7,2456085,2456288,0,96,1047.9333333333332,1061.4666666666665,0,177,783.1333333333334,796.6666666666667,0,167,478.00000000000006,491.5333333333334,Mila staff kitchen,2863612577,REAL+de601749+2023-06-10-13h-41m-50s,295341-1326783,REAL,True,REAL|Mila staff kitchen|2863612577,nvidia/Cosmos3-DROID,5c11a20accb11497270a5247a7f1e66ad04c956c
failure,10247,REAL/failure/2023-06-10/Sat_Jun_10_13:51:20_2023,149,0,7,2456288,2456437,0,96,1061.4666666666665,1071.4,0,177,796.6666666666667,806.6,0,167,491.5333333333334,501.4666666666668,Mila staff kitchen,2887054147,REAL+de601749+2023-06-10-13h-51m-20s,295341-1326783,REAL,True,REAL|Mila staff kitchen|2887054147,nvidia/Cosmos3-DROID,5c11a20accb11497270a5247a7f1e66ad04c956c
failure,10248,REAL/failure/2023-06-10/Sat_Jun_10_13:59:17_2023,160,0,7,2456437,2456597,0,96,1071.4,1082.0666666666666,0,177,806.6,817.2666666666667,0,167,501.4666666666668,512.1333333333334,Mila staff kitchen,1419954312,REAL+de601749+2023-06-10-13h-59m-17s,295341-1326783,REAL,True,REAL|Mila staff kitchen|1419954312,nvidia/Cosmos3-DROID,5c11a20accb11497270a5247a7f1e66ad04c956c
failure,10249,REAL/failure/2023-06-10/Sat_Jun_10_14:12:36_2023,124,0,7,2456597,2456721,0,96,1082.0666666666666,1090.3333333333333,0,177,817.2666666666667,825.5333333333333,0,167,512.1333333333334,520.4000000000001,Mila staff kitchen,2178587760,REAL+de601749+2023-06-10-14h-12m-36s,295341-1326783,REAL,True,REAL|Mila staff kitchen|2178587760,nvidia/Cosmos3-DROID,5c11a20accb11497270a5247a7f1e66ad04c956c
failure,10250,REAL/failure/2023-06-10/Sat_Jun_10_14:12:55_2023,161,0,7,2456721,2456882,0,96,1090.3333333333333,1101.0666666666666,0,177,825.5333333333333,836.2666666666667,0,167,520.4000000000001,531.1333333333334,Mila staff kitchen,2178587760,REAL+de601749+2023-06-10-14h-12m-55s,295341-1326783,REAL,True,REAL|Mila staff kitchen|2178587760,nvidia/Cosmos3-DROID,5c11a20accb11497270a5247a7f1e66ad04c956c
failure,10251,REAL/failure/2023-06-10/Sat_Jun_10_14:30:11_2023,308,0,7,2456882,2457190,0,96,1101.0666666666666,1121.6,0,177,836.2666666666667,856.8,0,167,531.1333333333334,551.6666666666667,Mila staff kitchen,9206330737,REAL+de601749+2023-06-10-14h-30m-11s,295341-1326783,REAL,True,REAL|Mila staff kitchen|9206330737,nvidia/Cosmos3-DROID,5c11a20accb11497270a5247a7f1e66ad04c956c
failure,10252,REAL/failure/2023-06-10/Sat_Jun_10_14:32:37_2023,494,0,7,2457190,2457684,0,96,1121.6,1154.5333333333333,0,177,856.8,889.7333333333332,0,167,551.6666666666667,584.6,Mila staff kitchen,9206330737,REAL+de601749+2023-06-10-14h-32m-37s,295341-1326783,REAL,True,REAL|Mila staff kitchen|9206330737,nvidia/Cosmos3-DROID,5c11a20accb11497270a5247a7f1e66ad04c956c
failure,10253,REAL/failure/2023-06-10/Sat_Jun_10_14:38:13_2023,160,0,7,2457684,2457844,0,96,1154.5333333333333,1165.2,0,177,889.7333333333332,900.3999999999999,0,167,584.6,595.2666666666667,Mila staff kitchen,9914542697,REAL+de601749+2023-06-10-14h-38m-13s,295341-1326783,REAL,True,REAL|Mila staff kitchen|9914542697,nvidia/Cosmos3-DROID,5c11a20accb11497270a5247a7f1e66ad04c956c
failure,10254,REAL/failure/2023-06-10/Sat_Jun_10_14:38:42_2023,289,0,7,2457844,2458133,0,96,1165.2,1184.4666666666667,0,177,900.3999999999999,919.6666666666664,0,167,595.2666666666667,614.5333333333333,Mila staff kitchen,9914542697,REAL+de601749+2023-06-10-14h-38m-42s,295341-1326783,REAL,True,REAL|Mila staff kitchen|9914542697,nvidia/Cosmos3-DROID,5c11a20accb11497270a5247a7f1e66ad04c956c
failure,10255,REAL/failure/2023-06-10/Sat_Jun_10_14:43:22_2023,157,0,7,2458133,2458290,0,96,1184.4666666666667,1194.9333333333334,0,177,919.6666666666664,930.1333333333332,0,167,614.5333333333333,625.0,Mila staff kitchen,9914542697,REAL+de601749+2023-06-10-14h-43m-22s,295341-1326783,REAL,True,REAL|Mila staff kitchen|9914542697,nvidia/Cosmos3-DROID,5c11a20accb11497270a5247a7f1e66ad04c956c
failure,10256,REAL/failure/2023-06-11/Sun_Jun_11_14:08:41_2023,384,0,7,2458290,2458674,0,96,1194.9333333333334,1220.5333333333333,0,177,930.1333333333332,955.7333333333332,0,167,625.0,650.6,Mila staff kitchen,5965044944,REAL+b04f2af4+2023-06-11-14h-08m-41s,295341-1326783,REAL,True,REAL|Mila staff kitchen|5965044944,nvidia/Cosmos3-DROID,5c11a20accb11497270a5247a7f1e66ad04c956c
failure,10257,REAL/failure/2023-06-11/Sun_Jun_11_14:11:15_2023,498,0,7,2458674,2459172,0,96,1220.5333333333333,1253.7333333333331,0,177,955.7333333333332,988.9333333333332,0,167,650.6,683.8000000000001,Mila staff kitchen,5965044944,REAL+b04f2af4+2023-06-11-14h-11m-15s,295341-1326783,REAL,True,REAL|Mila staff kitchen|5965044944,nvidia/Cosmos3-DROID,5c11a20accb11497270a5247a7f1e66ad04c956c
failure,10258,REAL/failure/2023-06-11/Sun_Jun_11_14:13:39_2023,391,0,7,2459172,2459563,0,96,1253.7333333333331,1279.8,0,177,988.9333333333332,1015.0,0,167,683.8000000000001,709.8666666666668,Mila staff kitchen,5965044944,REAL+b04f2af4+2023-06-11-14h-13m-39s,295341-1326783,REAL,True,REAL|Mila staff kitchen|5965044944,nvidia/Cosmos3-DROID,5c11a20accb11497270a5247a7f1e66ad04c956c
failure,10259,REAL/failure/2023-06-11/Sun_Jun_11_14:19:15_2023,313,0,7,2459563,2459876,0,96,1279.8,1300.6666666666663,0,177,1015.0,1035.8666666666666,0,167,709.8666666666668,730.7333333333335,Mila staff kitchen,5965044944,REAL+b04f2af4+2023-06-11-14h-19m-15s,295341-1326783,REAL,True,REAL|Mila staff kitchen|5965044944,nvidia/Cosmos3-DROID,5c11a20accb11497270a5247a7f1e66ad04c956c
failure,10260,REAL/failure/2023-06-11/Sun_Jun_11_14:19:55_2023,288,0,7,2459876,2460164,0,96,1300.6666666666663,1319.8666666666666,0,177,1035.8666666666666,1055.0666666666666,0,167,730.7333333333335,749.9333333333335,Mila staff kitchen,5965044944,REAL+b04f2af4+2023-06-11-14h-19m-55s,295341-1326783,REAL,True,REAL|Mila staff kitchen|5965044944,nvidia/Cosmos3-DROID,5c11a20accb11497270a5247a7f1e66ad04c956c
failure,10288,REAL/failure/2023-06-11/Sun_Jun_11_16:15:50_2023,131,0,7,2465434,2465565,0,96,1671.1999999999996,1679.933333333333,0,178,351.33333333333326,360.0666666666666,0,168,0.0,8.733333333333333,Mila staff kitchen,2341685650,REAL+de601749+2023-06-11-16h-15m-50s,295341-1326783,REAL,True,REAL|Mila staff kitchen|2341685650,nvidia/Cosmos3-DROID,5c11a20accb11497270a5247a7f1e66ad04c956c
failure,10289,REAL/failure/2023-06-11/Sun_Jun_11_16:19:14_2023,366,0,7,2465565,2465931,0,96,1679.933333333333,1704.333333333333,0,178,360.0666666666666,384.4666666666666,0,168,8.733333333333333,33.13333333333333,Mila staff kitchen,6280903476,REAL+de601749+2023-06-11-16h-19m-14s,295341-1326783,REAL,True,REAL|Mila staff kitchen|6280903476,nvidia/Cosmos3-DROID,5c11a20accb11497270a5247a7f1e66ad04c956c
failure,10290,REAL/failure/2023-06-15/Thu_Jun_15_14:40:09_2023,57,0,7,2465931,2465988,0,96,1704.333333333333,1708.133333333333,0,178,384.4666666666666,388.2666666666666,0,168,33.13333333333333,36.93333333333333,Glen's office,2997401390,REAL+4f8ca688+2023-06-15-14h-40m-09s,FR3-295341-1326783,REAL,True,REAL|Glen's office|2997401390,nvidia/Cosmos3-DROID,5c11a20accb11497270a5247a7f1e66ad04c956c
failure,10291,REAL/failure/2023-06-15/Thu_Jun_15_14:40:40_2023,391,0,7,2465988,2466379,0,96,1708.133333333333,1734.1999999999996,0,178,388.2666666666666,414.33333333333326,0,168,36.93333333333333,63.0,Glen's office,2997401390,REAL+4f8ca688+2023-06-15-14h-40m-40s,FR3-295341-1326783,REAL,True,REAL|Glen's office|2997401390,nvidia/Cosmos3-DROID,5c11a20accb11497270a5247a7f1e66ad04c956c
failure,10292,REAL/failure/2023-06-15/Thu_Jun_15_14:47:45_2023,417,0,7,2466379,2466796,0,96,1734.1999999999996,1761.9999999999995,0,178,414.33333333333326,442.13333333333327,0,168,63.0,90.8,Glen's office,2997401390,REAL+4f8ca688+2023-06-15-14h-47m-45s,FR3-295341-1326783,REAL,True,REAL|Glen's office|2997401390,nvidia/Cosmos3-DROID,5c11a20accb11497270a5247a7f1e66ad04c956c
failure,10293,REAL/failure/2023-06-15/Thu_Jun_15_14:56:34_2023,331,0,7,2466796,2467127,0,96,1761.9999999999995,1784.0666666666662,0,178,442.13333333333327,464.19999999999993,0,168,90.8,112.86666666666666,Glen's office,2997401390,REAL+4f8ca688+2023-06-15-14h-56m-34s,FR3-295341-1326783,REAL,True,REAL|Glen's office|2997401390,nvidia/Cosmos3-DROID,5c11a20accb11497270a5247a7f1e66ad04c956c
failure,10294,REAL/failure/2023-06-15/Thu_Jun_15_15:13:20_2023,101,0,7,2467127,2467228,0,96,1784.0666666666662,1790.7999999999995,0,178,464.19999999999993,470.9333333333333,0,168,112.86666666666666,119.6,Glen's office,2997401390,REAL+4f8ca688+2023-06-15-15h-13m-20s,FR3-295341-1326783,REAL,True,REAL|Glen's office|2997401390,nvidia/Cosmos3-DROID,5c11a20accb11497270a5247a7f1e66ad04c956c
failure,10295,REAL/failure/2023-06-15/Thu_Jun_15_15:16:48_2023,386,0,7,2467228,2467614,0,96,1790.7999999999995,1816.5333333333328,0,178,470.9333333333333,496.6666666666666,0,168,119.6,145.33333333333331,Glen's office,2997401390,REAL+4f8ca688+2023-06-15-15h-16m-48s,FR3-295341-1326783,REAL,True,REAL|Glen's office|2997401390,nvidia/Cosmos3-DROID,5c11a20accb11497270a5247a7f1e66ad04c956c
failure,10296,REAL/failure/2023-06-15/Thu_Jun_15_15:20:01_2023,291,0,7,2467614,2467905,0,96,1816.5333333333328,1835.933333333333,0,178,496.6666666666666,516.0666666666666,0,168,145.33333333333331,164.73333333333332,Glen's office,2997401390,REAL+4f8ca688+2023-06-15-15h-20m-01s,FR3-295341-1326783,REAL,True,REAL|Glen's office|2997401390,nvidia/Cosmos3-DROID,5c11a20accb11497270a5247a7f1e66ad04c956c
failure,10297,REAL/failure/2023-06-15/Thu_Jun_15_15:24:28_2023,500,0,7,2467905,2468405,0,96,1835.933333333333,1869.2666666666664,0,178,516.0666666666666,549.4,0,168,164.73333333333332,198.06666666666663,Glen's office,2997401390,REAL+4f8ca688+2023-06-15-15h-24m-28s,FR3-295341-1326783,REAL,True,REAL|Glen's office|2997401390,nvidia/Cosmos3-DROID,5c11a20accb11497270a5247a7f1e66ad04c956c
failure,10298,REAL/failure/2023-06-15/Thu_Jun_15_15:41:10_2023,474,0,7,2468405,2468879,0,96,1869.2666666666664,1900.866666666666,0,178,549.4,581.0,0,168,198.06666666666663,229.66666666666663,Glen's office,2997401390,REAL+4f8ca688+2023-06-15-15h-41m-10s,FR3-295341-1326783,REAL,True,REAL|Glen's office|2997401390,nvidia/Cosmos3-DROID,5c11a20accb11497270a5247a7f1e66ad04c956c
failure,10299,REAL/failure/2023-06-15/Thu_Jun_15_17:26:27_2023,126,0,7,2468879,2469005,0,96,1900.866666666666,1909.2666666666664,0,178,581.0,589.4,0,168,229.66666666666663,238.06666666666663,Mila staff kitchen,9843734029,REAL+de601749+2023-06-15-17h-26m-27s,FR3-295341-1326783,REAL,True,REAL|Mila staff kitchen|9843734029,nvidia/Cosmos3-DROID,5c11a20accb11497270a5247a7f1e66ad04c956c
failure,10301,REAL/failure/2023-06-15/Thu_Jun_15_17:28:19_2023,366,0,7,2469013,2469379,0,96,1909.7999999999995,1934.2,0,178,589.9333333333333,614.3333333333333,0,168,238.6,263.0,Mila staff kitchen,9843734029,REAL+de601749+2023-06-15-17h-28m-19s,FR3-295341-1326783,REAL,True,REAL|Mila staff kitchen|9843734029,nvidia/Cosmos3-DROID,5c11a20accb11497270a5247a7f1e66ad04c956c
failure,10302,REAL/failure/2023-06-15/Thu_Jun_15_17:29:45_2023,100,0,7,2469379,2469479,0,96,1934.2,1940.8666666666663,0,178,614.3333333333333,620.9999999999999,0,168,263.0,269.6666666666667,Mila staff kitchen,9843734029,REAL+de601749+2023-06-15-17h-29m-45s,FR3-295341-1326783,REAL,True,REAL|Mila staff kitchen|9843734029,nvidia/Cosmos3-DROID,5c11a20accb11497270a5247a7f1e66ad04c956c
failure,10303,REAL/failure/2023-06-15/Thu_Jun_15_17:30:16_2023,223,0,7,2469479,2469702,0,96,1940.8666666666663,1955.733333333333,0,178,620.9999999999999,635.8666666666666,0,168,269.6666666666667,284.53333333333336,Mila staff kitchen,9843734029,REAL+de601749+2023-06-15-17h-30m-16s,FR3-295341-1326783,REAL,True,REAL|Mila staff kitchen|9843734029,nvidia/Cosmos3-DROID,5c11a20accb11497270a5247a7f1e66ad04c956c
failure,10304,REAL/failure/2023-06-15/Thu_Jun_15_17:34:53_2023,81,0,7,2469702,2469783,0,96,1955.733333333333,1961.133333333333,0,178,635.8666666666666,641.2666666666665,0,168,284.53333333333336,289.93333333333334,Mila staff kitchen,5831115883,REAL+de601749+2023-06-15-17h-34m-53s,FR3-295341-1326783,REAL,True,REAL|Mila staff kitchen|5831115883,nvidia/Cosmos3-DROID,5c11a20accb11497270a5247a7f1e66ad04c956c
failure,10305,REAL/failure/2023-06-15/Thu_Jun_15_17:38:01_2023,77,0,7,2469783,2469860,0,96,1961.133333333333,1966.2666666666664,0,178,641.2666666666665,646.3999999999999,0,168,289.93333333333334,295.06666666666666,Mila staff kitchen,5831115883,REAL+de601749+2023-06-15-17h-38m-01s,FR3-295341-1326783,REAL,True,REAL|Mila staff kitchen|5831115883,nvidia/Cosmos3-DROID,5c11a20accb11497270a5247a7f1e66ad04c956c
failure,10306,REAL/failure/2023-06-15/Thu_Jun_15_17:38:35_2023,274,0,7,2469860,2470134,0,96,1966.2666666666664,1984.533333333333,0,178,646.3999999999999,664.6666666666665,0,168,295.06666666666666,313.3333333333333,Mila staff kitchen,5831115883,REAL+de601749+2023-06-15-17h-38m-35s,FR3-295341-1326783,REAL,True,REAL|Mila staff kitchen|5831115883,nvidia/Cosmos3-DROID,5c11a20accb11497270a5247a7f1e66ad04c956c
failure,11461,RPL/failure/2023-05-25/Thu_May_25_11:27:44_2023,383,0,8,2682573,2682956,0,104,1188.2666666666669,1213.8,0,190,0.0,25.53333333333333,0,180,0.0,25.53333333333333,AHG kitchen floor 1,2828277154,RPL+cb4f6842+2023-05-25-11h-27m-44s,295341-1324688,RPL,True,RPL|AHG kitchen floor 1|2828277154,nvidia/Cosmos3-DROID,5c11a20accb11497270a5247a7f1e66ad04c956c
failure,11462,RPL/failure/2023-05-25/Thu_May_25_11:28:30_2023,377,0,8,2682956,2683333,0,104,1213.8,1238.9333333333334,0,190,25.53333333333333,50.66666666666667,0,180,25.53333333333333,50.66666666666667,AHG kitchen floor 1,2828277154,RPL+cb4f6842+2023-05-25-11h-28m-30s,295341-1324688,RPL,True,RPL|AHG kitchen floor 1|2828277154,nvidia/Cosmos3-DROID,5c11a20accb11497270a5247a7f1e66ad04c956c
failure,11463,RPL/failure/2023-05-25/Thu_May_25_11:29:47_2023,325,0,8,2683333,2683658,0,104,1238.9333333333334,1260.6,0,190,50.66666666666667,72.33333333333334,0,180,50.66666666666667,72.33333333333334,AHG kitchen floor 1,2828277154,RPL+cb4f6842+2023-05-25-11h-29m-47s,295341-1324688,RPL,True,RPL|AHG kitchen floor 1|2828277154,nvidia/Cosmos3-DROID,5c11a20accb11497270a5247a7f1e66ad04c956c
failure,11464,RPL/failure/2023-05-25/Thu_May_25_11:30:17_2023,186,0,8,2683658,2683844,0,104,1260.6,1273.0000000000002,0,190,72.33333333333334,84.73333333333335,0,180,72.33333333333334,84.73333333333335,AHG kitchen floor 1,2828277154,RPL+cb4f6842+2023-05-25-11h-30m-17s,295341-1324688,RPL,True,RPL|AHG kitchen floor 1|2828277154,nvidia/Cosmos3-DROID,5c11a20accb11497270a5247a7f1e66ad04c956c
failure,11465,RPL/failure/2023-05-25/Thu_May_25_11:37:25_2023,78,0,8,2683844,2683922,0,104,1273.0000000000002,1278.2000000000005,0,190,84.73333333333335,89.93333333333335,0,180,84.73333333333335,89.93333333333335,AHG kitchen floor 1,2828277154,RPL+cb4f6842+2023-05-25-11h-37m-25s,295341-1324688,RPL,True,RPL|AHG kitchen floor 1|2828277154,nvidia/Cosmos3-DROID,5c11a20accb11497270a5247a7f1e66ad04c956c
failure,11466,RPL/failure/2023-05-25/Thu_May_25_11:37:37_2023,180,0,8,2683922,2684102,0,104,1278.2000000000005,1290.2000000000005,0,190,89.93333333333335,101.93333333333337,0,180,89.93333333333335,101.93333333333337,AHG kitchen floor 1,2828277154,RPL+cb4f6842+2023-05-25-11h-37m-37s,295341-1324688,RPL,True,RPL|AHG kitchen floor 1|2828277154,nvidia/Cosmos3-DROID,5c11a20accb11497270a5247a7f1e66ad04c956c
failure,11467,RPL/failure/2023-05-25/Thu_May_25_11:38:54_2023,351,0,8,2684102,2684453,0,104,1290.2000000000005,1313.6000000000004,0,190,101.93333333333337,125.33333333333334,0,180,101.93333333333337,125.33333333333334,AHG kitchen floor 1,2828277154,RPL+cb4f6842+2023-05-25-11h-38m-54s,295341-1324688,RPL,True,RPL|AHG kitchen floor 1|2828277154,nvidia/Cosmos3-DROID,5c11a20accb11497270a5247a7f1e66ad04c956c
failure,11468,RPL/failure/2023-05-25/Thu_May_25_11:40:23_2023,117,0,8,2684453,2684570,0,104,1313.6000000000004,1321.4000000000003,0,190,125.33333333333334,133.13333333333335,0,180,125.33333333333334,133.13333333333335,AHG kitchen floor 1,2828277154,RPL+cb4f6842+2023-05-25-11h-40m-23s,295341-1324688,RPL,True,RPL|AHG kitchen floor 1|2828277154,nvidia/Cosmos3-DROID,5c11a20accb11497270a5247a7f1e66ad04c956c
failure,11469,RPL/failure/2023-05-25/Thu_May_25_11:40:53_2023,210,0,8,2684570,2684780,0,104,1321.4000000000003,1335.4000000000003,0,190,133.13333333333335,147.13333333333335,0,180,133.13333333333335,147.13333333333335,AHG kitchen floor 1,2828277154,RPL+cb4f6842+2023-05-25-11h-40m-53s,295341-1324688,RPL,True,RPL|AHG kitchen floor 1|2828277154,nvidia/Cosmos3-DROID,5c11a20accb11497270a5247a7f1e66ad04c956c
failure,11470,RPL/failure/2023-05-25/Thu_May_25_11:41:14_2023,105,0,8,2684780,2684885,0,104,1335.4000000000003,1342.4000000000003,0,190,147.13333333333335,154.13333333333335,0,180,147.13333333333335,154.13333333333335,AHG kitchen floor 1,2828277154,RPL+cb4f6842+2023-05-25-11h-41m-14s,295341-1324688,RPL,True,RPL|AHG kitchen floor 1|2828277154,nvidia/Cosmos3-DROID,5c11a20accb11497270a5247a7f1e66ad04c956c
failure,11471,RPL/failure/2023-05-25/Thu_May_25_11:41:26_2023,430,0,8,2684885,2685315,0,104,1342.4000000000003,1371.066666666667,0,190,154.13333333333335,182.8,0,180,154.13333333333335,182.8,AHG kitchen floor 1,2828277154,RPL+cb4f6842+2023-05-25-11h-41m-26s,295341-1324688,RPL,True,RPL|AHG kitchen floor 1|2828277154,nvidia/Cosmos3-DROID,5c11a20accb11497270a5247a7f1e66ad04c956c
failure,11472,RPL/failure/2023-05-25/Thu_May_25_11:43:00_2023,320,0,8,2685315,2685635,0,104,1371.066666666667,1392.4000000000003,0,190,182.8,204.13333333333333,0,180,182.8,204.13333333333333,AHG kitchen floor 1,2828277154,RPL+cb4f6842+2023-05-25-11h-43m-00s,295341-1324688,RPL,True,RPL|AHG kitchen floor 1|2828277154,nvidia/Cosmos3-DROID,5c11a20accb11497270a5247a7f1e66ad04c956c
failure,11473,RPL/failure/2023-05-25/Thu_May_25_11:43:28_2023,132,0,8,2685635,2685767,0,104,1392.4000000000003,1401.2000000000005,0,190,204.13333333333333,212.93333333333337,0,180,204.13333333333333,212.93333333333337,AHG kitchen floor 1,2828277154,RPL+cb4f6842+2023-05-25-11h-43m-28s,295341-1324688,RPL,True,RPL|AHG kitchen floor 1|2828277154,nvidia/Cosmos3-DROID,5c11a20accb11497270a5247a7f1e66ad04c956c
failure,11474,RPL/failure/2023-05-25/Thu_May_25_11:48:18_2023,421,0,8,2685767,2686188,0,104,1401.2000000000005,1429.2666666666669,0,190,212.93333333333337,241.00000000000003,0,180,212.93333333333337,241.00000000000003,AHG kitchen floor 1,2828277154,RPL+cb4f6842+2023-05-25-11h-48m-18s,295341-1324688,RPL,True,RPL|AHG kitchen floor 1|2828277154,nvidia/Cosmos3-DROID,5c11a20accb11497270a5247a7f1e66ad04c956c
failure,11475,RPL/failure/2023-05-25/Thu_May_25_11:49:01_2023,584,0,8,2686188,2686772,0,104,1429.2666666666669,1468.2000000000005,0,190,241.00000000000003,279.93333333333334,0,180,241.00000000000003,279.93333333333334,AHG kitchen floor 1,2828277154,RPL+cb4f6842+2023-05-25-11h-49m-01s,295341-1324688,RPL,True,RPL|AHG kitchen floor 1|2828277154,nvidia/Cosmos3-DROID,5c11a20accb11497270a5247a7f1e66ad04c956c
failure,11476,RPL/failure/2023-05-25/Thu_May_25_11:49:59_2023,200,0,8,2686772,2686972,0,104,1468.2000000000005,1481.5333333333335,0,190,279.93333333333334,293.26666666666665,0,180,279.93333333333334,293.26666666666665,AHG kitchen floor 1,2828277154,RPL+cb4f6842+2023-05-25-11h-49m-59s,295341-1324688,RPL,True,RPL|AHG kitchen floor 1|2828277154,nvidia/Cosmos3-DROID,5c11a20accb11497270a5247a7f1e66ad04c956c
failure,11477,RPL/failure/2023-05-25/Thu_May_25_11:50:29_2023,165,0,8,2686972,2687137,0,104,1481.5333333333335,1492.5333333333335,0,190,293.26666666666665,304.26666666666665,0,180,293.26666666666665,304.26666666666665,AHG kitchen floor 1,2828277154,RPL+cb4f6842+2023-05-25-11h-50m-29s,295341-1324688,RPL,True,RPL|AHG kitchen floor 1|2828277154,nvidia/Cosmos3-DROID,5c11a20accb11497270a5247a7f1e66ad04c956c
failure,11478,RPL/failure/2023-05-25/Thu_May_25_11:50:50_2023,498,0,8,2687137,2687635,0,104,1492.5333333333335,1525.7333333333336,0,190,304.26666666666665,337.46666666666664,0,180,304.26666666666665,337.46666666666664,AHG kitchen floor 1,2828277154,RPL+cb4f6842+2023-05-25-11h-50m-50s,295341-1324688,RPL,True,RPL|AHG kitchen floor 1|2828277154,nvidia/Cosmos3-DROID,5c11a20accb11497270a5247a7f1e66ad04c956c
failure,11479,RPL/failure/2023-05-25/Thu_May_25_11:51:38_2023,61,0,8,2687635,2687696,0,104,1525.7333333333336,1529.8000000000002,0,190,337.46666666666664,341.5333333333333,0,180,337.46666666666664,341.5333333333333,AHG kitchen floor 1,2828277154,RPL+cb4f6842+2023-05-25-11h-51m-38s,295341-1324688,RPL,True,RPL|AHG kitchen floor 1|2828277154,nvidia/Cosmos3-DROID,5c11a20accb11497270a5247a7f1e66ad04c956c
failure,11940,TRI/failure/2023-08-10/Thu_Aug_10_08:59:17_2023,148,0,9,2819480,2819628,0,110,0.0,9.866666666666667,0,198,0.0,9.866666666666667,0,188,0.0,9.866666666666667,TRI,4322894891,TRI+938130c4+2023-08-10-08h-59m-17s,fr3-295341-1326895,TRI,True,TRI|TRI|4322894891,nvidia/Cosmos3-DROID,5c11a20accb11497270a5247a7f1e66ad04c956c
failure,11941,TRI/failure/2023-08-10/Thu_Aug_10_09:04:09_2023,143,0,9,2819628,2819771,0,110,9.866666666666667,19.4,0,198,9.866666666666667,19.4,0,188,9.866666666666667,19.4,TRI,4322894891,TRI+938130c4+2023-08-10-09h-04m-09s,fr3-295341-1326895,TRI,True,TRI|TRI|4322894891,nvidia/Cosmos3-DROID,5c11a20accb11497270a5247a7f1e66ad04c956c
failure,11942,TRI/failure/2023-08-10/Thu_Aug_10_09:04:26_2023,116,0,9,2819771,2819887,0,110,19.4,27.133333333333333,0,198,19.4,27.133333333333333,0,188,19.4,27.133333333333333,TRI,4322894891,TRI+938130c4+2023-08-10-09h-04m-26s,fr3-295341-1326895,TRI,True,TRI|TRI|4322894891,nvidia/Cosmos3-DROID,5c11a20accb11497270a5247a7f1e66ad04c956c
failure,11943,TRI/failure/2023-08-10/Thu_Aug_10_09:04:50_2023,159,0,9,2819887,2820046,0,110,27.133333333333333,37.73333333333333,0,198,27.133333333333333,37.73333333333333,0,188,27.133333333333333,37.73333333333333,TRI,4322894891,TRI+938130c4+2023-08-10-09h-04m-50s,fr3-295341-1326895,TRI,True,TRI|TRI|4322894891,nvidia/Cosmos3-DROID,5c11a20accb11497270a5247a7f1e66ad04c956c
failure,11944,TRI/failure/2023-08-10/Thu_Aug_10_09:08:24_2023,361,0,9,2820046,2820407,0,110,37.73333333333333,61.8,0,198,37.73333333333333,61.8,0,188,37.73333333333333,61.8,TRI,4322894891,TRI+938130c4+2023-08-10-09h-08m-24s,fr3-295341-1326895,TRI,True,TRI|TRI|4322894891,nvidia/Cosmos3-DROID,5c11a20accb11497270a5247a7f1e66ad04c956c
failure,11945,TRI/failure/2023-08-10/Thu_Aug_10_09:12:56_2023,85,0,9,2820407,2820492,0,110,61.8,67.46666666666667,0,198,61.8,67.46666666666667,0,188,61.8,67.46666666666667,TRI,4322894891,TRI+938130c4+2023-08-10-09h-12m-56s,fr3-295341-1326895,TRI,True,TRI|TRI|4322894891,nvidia/Cosmos3-DROID,5c11a20accb11497270a5247a7f1e66ad04c956c
failure,11946,TRI/failure/2023-08-10/Thu_Aug_10_09:15:24_2023,137,0,9,2820492,2820629,0,110,67.46666666666667,76.6,0,198,67.46666666666667,76.6,0,188,67.46666666666667,76.6,TRI,4322894891,TRI+938130c4+2023-08-10-09h-15m-24s,fr3-295341-1326895,TRI,True,TRI|TRI|4322894891,nvidia/Cosmos3-DROID,5c11a20accb11497270a5247a7f1e66ad04c956c
failure,11947,TRI/failure/2023-08-10/Thu_Aug_10_09:16:14_2023,122,0,9,2820629,2820751,0,110,76.6,84.73333333333332,0,198,76.6,84.73333333333332,0,188,76.6,84.73333333333332,TRI,4322894891,TRI+938130c4+2023-08-10-09h-16m-14s,fr3-295341-1326895,TRI,True,TRI|TRI|4322894891,nvidia/Cosmos3-DROID,5c11a20accb11497270a5247a7f1e66ad04c956c
failure,11948,TRI/failure/2023-08-10/Thu_Aug_10_09:20:35_2023,36,0,9,2820751,2820787,0,110,84.73333333333332,87.13333333333333,0,198,84.73333333333332,87.13333333333333,0,188,84.73333333333332,87.13333333333333,TRI,4322894891,TRI+938130c4+2023-08-10-09h-20m-35s,fr3-295341-1326895,TRI,True,TRI|TRI|4322894891,nvidia/Cosmos3-DROID,5c11a20accb11497270a5247a7f1e66ad04c956c
failure,11949,TRI/failure/2023-08-10/Thu_Aug_10_09:33:57_2023,261,0,9,2820787,2821048,0,110,87.13333333333333,104.53333333333332,0,198,87.13333333333333,104.53333333333332,0,188,87.13333333333333,104.53333333333332,TRI,4322894891,TRI+938130c4+2023-08-10-09h-33m-57s,fr3-295341-1326895,TRI,True,TRI|TRI|4322894891,nvidia/Cosmos3-DROID,5c11a20accb11497270a5247a7f1e66ad04c956c
failure,11950,TRI/failure/2023-08-10/Thu_Aug_10_09:34:28_2023,126,0,9,2821048,2821174,0,110,104.53333333333332,112.93333333333334,0,198,104.53333333333332,112.93333333333334,0,188,104.53333333333332,112.93333333333334,TRI,4322894891,TRI+938130c4+2023-08-10-09h-34m-28s,fr3-295341-1326895,TRI,True,TRI|TRI|4322894891,nvidia/Cosmos3-DROID,5c11a20accb11497270a5247a7f1e66ad04c956c
failure,11951,TRI/failure/2023-08-10/Thu_Aug_10_09:34:50_2023,82,0,9,2821174,2821256,0,110,112.93333333333334,118.4,0,198,112.93333333333334,118.4,0,188,112.93333333333334,118.4,TRI,4322894891,TRI+938130c4+2023-08-10-09h-34m-50s,fr3-295341-1326895,TRI,True,TRI|TRI|4322894891,nvidia/Cosmos3-DROID,5c11a20accb11497270a5247a7f1e66ad04c956c
failure,11952,TRI/failure/2023-08-10/Thu_Aug_10_09:58:48_2023,138,0,9,2821256,2821394,0,110,118.4,127.6,0,198,118.4,127.6,0,188,118.4,127.6,TRI,787407119,TRI+938130c4+2023-08-10-09h-58m-48s,fr3-295341-1326895,TRI,True,TRI|TRI|787407119,nvidia/Cosmos3-DROID,5c11a20accb11497270a5247a7f1e66ad04c956c
failure,11953,TRI/failure/2023-08-10/Thu_Aug_10_09:59:19_2023,168,0,9,2821394,2821562,0,110,127.6,138.8,0,198,127.6,138.8,0,188,127.6,138.8,TRI,787407119,TRI+938130c4+2023-08-10-09h-59m-19s,fr3-295341-1326895,TRI,True,TRI|TRI|787407119,nvidia/Cosmos3-DROID,5c11a20accb11497270a5247a7f1e66ad04c956c
failure,11954,TRI/failure/2023-08-10/Thu_Aug_10_10:07:04_2023,195,0,9,2821562,2821757,0,110,138.8,151.8,0,198,138.8,151.8,0,188,138.8,151.8,TRI,787407119,TRI+938130c4+2023-08-10-10h-07m-04s,fr3-295341-1326895,TRI,True,TRI|TRI|787407119,nvidia/Cosmos3-DROID,5c11a20accb11497270a5247a7f1e66ad04c956c
failure,11955,TRI/failure/2023-08-10/Thu_Aug_10_10:17:28_2023,182,0,9,2821757,2821939,0,110,151.8,163.93333333333334,0,198,151.8,163.93333333333334,0,188,151.8,163.93333333333334,TRI,787407119,TRI+938130c4+2023-08-10-10h-17m-28s,fr3-295341-1326895,TRI,True,TRI|TRI|787407119,nvidia/Cosmos3-DROID,5c11a20accb11497270a5247a7f1e66ad04c956c
failure,11956,TRI/failure/2023-08-10/Thu_Aug_10_10:36:25_2023,295,0,9,2821939,2822234,0,110,163.93333333333334,183.6,0,198,163.93333333333334,183.6,0,188,163.93333333333334,183.6,TRI,787407119,TRI+938130c4+2023-08-10-10h-36m-25s,fr3-295341-1326895,TRI,True,TRI|TRI|787407119,nvidia/Cosmos3-DROID,5c11a20accb11497270a5247a7f1e66ad04c956c
failure,11957,TRI/failure/2023-08-10/Thu_Aug_10_10:37:57_2023,110,0,9,2822234,2822344,0,110,183.6,190.9333333333333,0,198,183.6,190.9333333333333,0,188,183.6,190.9333333333333,TRI,787407119,TRI+938130c4+2023-08-10-10h-37m-57s,fr3-295341-1326895,TRI,True,TRI|TRI|787407119,nvidia/Cosmos3-DROID,5c11a20accb11497270a5247a7f1e66ad04c956c
failure,11958,TRI/failure/2023-08-10/Thu_Aug_10_10:43:41_2023,188,0,9,2822344,2822532,0,110,190.9333333333333,203.46666666666667,0,198,190.9333333333333,203.46666666666667,0,188,190.9333333333333,203.46666666666667,TRI,787407119,TRI+938130c4+2023-08-10-10h-43m-41s,fr3-295341-1326895,TRI,True,TRI|TRI|787407119,nvidia/Cosmos3-DROID,5c11a20accb11497270a5247a7f1e66ad04c956c
failure,11959,TRI/failure/2023-08-10/Thu_Aug_10_10:45:23_2023,138,0,9,2822532,2822670,0,110,203.46666666666667,212.66666666666663,0,198,203.46666666666667,212.66666666666663,0,188,203.46666666666667,212.66666666666663,TRI,787407119,TRI+938130c4+2023-08-10-10h-45m-23s,fr3-295341-1326895,TRI,True,TRI|TRI|787407119,nvidia/Cosmos3-DROID,5c11a20accb11497270a5247a7f1e66ad04c956c
failure,11960,TRI/failure/2023-08-10/Thu_Aug_10_10:54:13_2023,107,0,9,2822670,2822777,0,110,212.66666666666663,219.8,0,198,212.66666666666663,219.8,0,188,212.66666666666663,219.8,TRI,787407119,TRI+938130c4+2023-08-10-10h-54m-13s,fr3-295341-1326895,TRI,True,TRI|TRI|787407119,nvidia/Cosmos3-DROID,5c11a20accb11497270a5247a7f1e66ad04c956c
failure,11961,TRI/failure/2023-08-10/Thu_Aug_10_10:58:50_2023,80,0,9,2822777,2822857,0,110,219.8,225.13333333333333,0,198,219.8,225.13333333333333,0,188,219.8,225.13333333333333,TRI,787407119,TRI+938130c4+2023-08-10-10h-58m-50s,fr3-295341-1326895,TRI,True,TRI|TRI|787407119,nvidia/Cosmos3-DROID,5c11a20accb11497270a5247a7f1e66ad04c956c
failure,11962,TRI/failure/2023-08-10/Thu_Aug_10_10:59:03_2023,142,0,9,2822857,2822999,0,110,225.13333333333333,234.6,0,198,225.13333333333333,234.6,0,188,225.13333333333333,234.6,TRI,787407119,TRI+938130c4+2023-08-10-10h-59m-03s,fr3-295341-1326895,TRI,True,TRI|TRI|787407119,nvidia/Cosmos3-DROID,5c11a20accb11497270a5247a7f1e66ad04c956c
failure,11963,TRI/failure/2023-08-10/Thu_Aug_10_10:59:30_2023,215,0,9,2822999,2823214,0,110,234.6,248.9333333333333,0,198,234.6,248.9333333333333,0,188,234.6,248.9333333333333,TRI,787407119,TRI+938130c4+2023-08-10-10h-59m-30s,fr3-295341-1326895,TRI,True,TRI|TRI|787407119,nvidia/Cosmos3-DROID,5c11a20accb11497270a5247a7f1e66ad04c956c
failure,11964,TRI/failure/2023-08-10/Thu_Aug_10_14:29:46_2023,143,0,9,2823214,2823357,0,110,248.9333333333333,258.4666666666667,0,198,248.9333333333333,258.4666666666667,0,188,248.9333333333333,258.4666666666667,TRI,7672870415,TRI+938130c4+2023-08-10-14h-29m-46s,fr3-295341-1326895,TRI,True,TRI|TRI|7672870415,nvidia/Cosmos3-DROID,5c11a20accb11497270a5247a7f1e66ad04c956c
failure,11965,TRI/failure/2023-08-10/Thu_Aug_10_14:36:03_2023,88,0,9,2823357,2823445,0,110,258.4666666666667,264.33333333333337,0,198,258.4666666666667,264.33333333333337,0,188,258.4666666666667,264.33333333333337,TRI,7672870415,TRI+938130c4+2023-08-10-14h-36m-03s,fr3-295341-1326895,TRI,True,TRI|TRI|7672870415,nvidia/Cosmos3-DROID,5c11a20accb11497270a5247a7f1e66ad04c956c
failure,11966,TRI/failure/2023-08-10/Thu_Aug_10_14:36:21_2023,122,0,9,2823445,2823567,0,110,264.33333333333337,272.4666666666667,0,198,264.33333333333337,272.4666666666667,0,188,264.33333333333337,272.4666666666667,TRI,7672870415,TRI+938130c4+2023-08-10-14h-36m-21s,fr3-295341-1326895,TRI,True,TRI|TRI|7672870415,nvidia/Cosmos3-DROID,5c11a20accb11497270a5247a7f1e66ad04c956c
failure,11967,TRI/failure/2023-08-10/Thu_Aug_10_14:37:39_2023,396,0,9,2823567,2823963,0,110,272.4666666666667,298.8666666666667,0,198,272.4666666666667,298.8666666666667,0,188,272.4666666666667,298.8666666666667,TRI,7672870415,TRI+938130c4+2023-08-10-14h-37m-39s,fr3-295341-1326895,TRI,True,TRI|TRI|7672870415,nvidia/Cosmos3-DROID,5c11a20accb11497270a5247a7f1e66ad04c956c
failure,11968,TRI/failure/2023-08-10/Thu_Aug_10_14:53:04_2023,209,0,9,2823963,2824172,0,110,298.8666666666667,312.8,0,198,298.8666666666667,312.8,0,188,298.8666666666667,312.8,TRI,7672870415,TRI+938130c4+2023-08-10-14h-53m-04s,fr3-295341-1326895,TRI,True,TRI|TRI|7672870415,nvidia/Cosmos3-DROID,5c11a20accb11497270a5247a7f1e66ad04c956c
failure,11969,TRI/failure/2023-08-10/Thu_Aug_10_15:50:34_2023,2623,0,9,2824172,2826795,0,110,312.8,487.6666666666667,0,198,312.8,487.6666666666667,0,188,312.8,487.6666666666667,TRI,7750326931,TRI+938130c4+2023-08-10-15h-50m-34s,fr3-295341-1326895,TRI,True,TRI|TRI|7750326931,nvidia/Cosmos3-DROID,5c11a20accb11497270a5247a7f1e66ad04c956c
failure,11970,TRI/failure/2023-08-10/Thu_Aug_10_15:53:54_2023,384,0,9,2826795,2827179,0,110,487.6666666666667,513.2666666666667,0,198,487.6666666666667,513.2666666666667,0,188,487.6666666666667,513.2666666666667,TRI,7750326931,TRI+938130c4+2023-08-10-15h-53m-54s,fr3-295341-1326895,TRI,True,TRI|TRI|7750326931,nvidia/Cosmos3-DROID,5c11a20accb11497270a5247a7f1e66ad04c956c
failure,11971,TRI/failure/2023-08-10/Thu_Aug_10_16:01:58_2023,231,0,9,2827179,2827410,0,110,513.2666666666667,528.6666666666666,0,198,513.2666666666667,528.6666666666666,0,188,513.2666666666667,528.6666666666666,TRI,7750326931,TRI+938130c4+2023-08-10-16h-01m-58s,fr3-295341-1326895,TRI,True,TRI|TRI|7750326931,nvidia/Cosmos3-DROID,5c11a20accb11497270a5247a7f1e66ad04c956c
failure,11972,TRI/failure/2023-08-10/Thu_Aug_10_16:06:21_2023,120,0,9,2827410,2827530,0,110,528.6666666666666,536.6666666666666,0,198,528.6666666666666,536.6666666666666,0,188,528.6666666666666,536.6666666666666,TRI,7750326931,TRI+938130c4+2023-08-10-16h-06m-21s,fr3-295341-1326895,TRI,True,TRI|TRI|7750326931,nvidia/Cosmos3-DROID,5c11a20accb11497270a5247a7f1e66ad04c956c
failure,11973,TRI/failure/2023-08-10/Thu_Aug_10_16:27:18_2023,143,0,9,2827530,2827673,0,110,536.6666666666666,546.1999999999999,0,198,536.6666666666666,546.1999999999999,0,188,536.6666666666666,546.1999999999999,TRI,7750326931,TRI+938130c4+2023-08-10-16h-27m-18s,fr3-295341-1326895,TRI,True,TRI|TRI|7750326931,nvidia/Cosmos3-DROID,5c11a20accb11497270a5247a7f1e66ad04c956c
failure,11974,TRI/failure/2023-08-10/Thu_Aug_10_16:32:54_2023,151,0,9,2827673,2827824,0,110,546.1999999999999,556.2666666666667,0,198,546.1999999999999,556.2666666666667,0,188,546.1999999999999,556.2666666666667,TRI,7750326931,TRI+938130c4+2023-08-10-16h-32m-54s,fr3-295341-1326895,TRI,True,TRI|TRI|7750326931,nvidia/Cosmos3-DROID,5c11a20accb11497270a5247a7f1e66ad04c956c
failure,11975,TRI/failure/2023-08-10/Thu_Aug_10_17:05:21_2023,153,0,9,2827824,2827977,0,110,556.2666666666667,566.4666666666667,0,198,556.2666666666667,566.4666666666667,0,188,556.2666666666667,566.4666666666667,TRI,855227734,TRI+938130c4+2023-08-10-17h-05m-21s,fr3-295341-1326895,TRI,True,TRI|TRI|855227734,nvidia/Cosmos3-DROID,5c11a20accb11497270a5247a7f1e66ad04c956c
failure,11976,TRI/failure/2023-08-10/Thu_Aug_10_17:11:08_2023,56,0,9,2827977,2828033,0,110,566.4666666666667,570.2,0,198,566.4666666666667,570.2,0,188,566.4666666666667,570.2,TRI,855227734,TRI+938130c4+2023-08-10-17h-11m-08s,fr3-295341-1326895,TRI,True,TRI|TRI|855227734,nvidia/Cosmos3-DROID,5c11a20accb11497270a5247a7f1e66ad04c956c
failure,11977,TRI/failure/2023-08-10/Thu_Aug_10_17:19:48_2023,148,0,9,2828033,2828181,0,110,570.2,580.0666666666667,0,198,570.2,580.0666666666667,0,188,570.2,580.0666666666667,TRI,855227734,TRI+938130c4+2023-08-10-17h-19m-48s,fr3-295341-1326895,TRI,True,TRI|TRI|855227734,nvidia/Cosmos3-DROID,5c11a20accb11497270a5247a7f1e66ad04c956c
failure,11978,TRI/failure/2023-08-10/Thu_Aug_10_17:34:08_2023,50,0,9,2828181,2828231,0,110,580.0666666666667,583.4000000000001,0,198,580.0666666666667,583.4000000000001,0,188,580.0666666666667,583.4000000000001,TRI,855227734,TRI+938130c4+2023-08-10-17h-34m-08s,fr3-295341-1326895,TRI,True,TRI|TRI|855227734,nvidia/Cosmos3-DROID,5c11a20accb11497270a5247a7f1e66ad04c956c
failure,11979,TRI/failure/2023-08-10/Thu_Aug_10_17:36:50_2023,163,0,9,2828231,2828394,0,110,583.4000000000001,594.2666666666668,0,198,583.4000000000001,594.2666666666668,0,188,583.4000000000001,594.2666666666668,TRI,855227734,TRI+938130c4+2023-08-10-17h-36m-50s,fr3-295341-1326895,TRI,True,TRI|TRI|855227734,nvidia/Cosmos3-DROID,5c11a20accb11497270a5247a7f1e66ad04c956c
failure,11980,TRI/failure/2023-08-10/Thu_Aug_10_17:37:12_2023,186,0,9,2828394,2828580,0,110,594.2666666666668,606.6666666666667,0,198,594.2666666666668,606.6666666666667,0,188,594.2666666666668,606.6666666666667,TRI,855227734,TRI+938130c4+2023-08-10-17h-37m-12s,fr3-295341-1326895,TRI,True,TRI|TRI|855227734,nvidia/Cosmos3-DROID,5c11a20accb11497270a5247a7f1e66ad04c956c
failure,11981,TRI/failure/2023-08-21/Mon_Aug_21_11:40:21_2023,392,0,9,2828580,2828972,0,110,606.6666666666667,632.8000000000001,0,198,606.6666666666667,632.8000000000001,0,188,606.6666666666667,632.8000000000001,TRI,4743887325,TRI+938130c4+2023-08-21-11h-40m-21s,fr3-295341-1326895,TRI,True,TRI|TRI|4743887325,nvidia/Cosmos3-DROID,5c11a20accb11497270a5247a7f1e66ad04c956c
failure,11982,TRI/failure/2023-08-21/Mon_Aug_21_11:59:13_2023,105,0,9,2828972,2829077,0,110,632.8000000000001,639.8000000000001,0,198,632.8000000000001,639.8000000000001,0,188,632.8000000000001,639.8000000000001,TRI,5821475390,TRI+938130c4+2023-08-21-11h-59m-13s,fr3-295341-1326895,TRI,True,TRI|TRI|5821475390,nvidia/Cosmos3-DROID,5c11a20accb11497270a5247a7f1e66ad04c956c
failure,11983,TRI/failure/2023-08-21/Mon_Aug_21_13:59:53_2023,80,0,9,2829077,2829157,0,110,639.8000000000001,645.1333333333334,0,198,639.8000000000001,645.1333333333334,0,188,639.8000000000001,645.1333333333334,TRI,4244574282,TRI+938130c4+2023-08-21-13h-59m-53s,fr3-295341-1326895,TRI,True,TRI|TRI|4244574282,nvidia/Cosmos3-DROID,5c11a20accb11497270a5247a7f1e66ad04c956c
failure,11984,TRI/failure/2023-08-21/Mon_Aug_21_14:03:00_2023,348,0,9,2829157,2829505,0,110,645.1333333333334,668.3333333333335,0,198,645.1333333333334,668.3333333333335,0,188,645.1333333333334,668.3333333333335,TRI,4244574282,TRI+938130c4+2023-08-21-14h-03m-00s,fr3-295341-1326895,TRI,True,TRI|TRI|4244574282,nvidia/Cosmos3-DROID,5c11a20accb11497270a5247a7f1e66ad04c956c
failure,11985,TRI/failure/2023-08-21/Mon_Aug_21_14:03:39_2023,479,0,9,2829505,2829984,0,110,668.3333333333335,700.2666666666668,0,198,668.3333333333335,700.2666666666668,0,188,668.3333333333335,700.2666666666668,TRI,4244574282,TRI+938130c4+2023-08-21-14h-03m-39s,fr3-295341-1326895,TRI,True,TRI|TRI|4244574282,nvidia/Cosmos3-DROID,5c11a20accb11497270a5247a7f1e66ad04c956c
failure,11986,TRI/failure/2023-08-21/Mon_Aug_21_14:07:44_2023,60,0,9,2829984,2830044,0,110,700.2666666666668,704.2666666666668,0,198,700.2666666666668,704.2666666666668,0,188,700.2666666666668,704.2666666666668,TRI,4244574282,TRI+938130c4+2023-08-21-14h-07m-44s,fr3-295341-1326895,TRI,True,TRI|TRI|4244574282,nvidia/Cosmos3-DROID,5c11a20accb11497270a5247a7f1e66ad04c956c
failure,11987,TRI/failure/2023-08-21/Mon_Aug_21_14:08:24_2023,80,0,9,2830044,2830124,0,110,704.2666666666668,709.6000000000001,0,198,704.2666666666668,709.6000000000001,0,188,704.2666666666668,709.6000000000001,TRI,4244574282,TRI+938130c4+2023-08-21-14h-08m-24s,fr3-295341-1326895,TRI,True,TRI|TRI|4244574282,nvidia/Cosmos3-DROID,5c11a20accb11497270a5247a7f1e66ad04c956c
failure,11988,TRI/failure/2023-08-21/Mon_Aug_21_14:11:33_2023,308,0,9,2830124,2830432,0,110,709.6000000000001,730.1333333333334,0,198,709.6000000000001,730.1333333333334,0,188,709.6000000000001,730.1333333333334,TRI,4244574282,TRI+938130c4+2023-08-21-14h-11m-33s,fr3-295341-1326895,TRI,True,TRI|TRI|4244574282,nvidia/Cosmos3-DROID,5c11a20accb11497270a5247a7f1e66ad04c956c
failure,11989,TRI/failure/2023-08-21/Mon_Aug_21_14:12:12_2023,268,0,9,2830432,2830700,0,110,730.1333333333334,748.0000000000001,0,198,730.1333333333334,748.0000000000001,0,188,730.1333333333334,748.0000000000001,TRI,4244574282,TRI+938130c4+2023-08-21-14h-12m-12s,fr3-295341-1326895,TRI,True,TRI|TRI|4244574282,nvidia/Cosmos3-DROID,5c11a20accb11497270a5247a7f1e66ad04c956c
failure,11990,TRI/failure/2023-08-21/Mon_Aug_21_14:14:25_2023,325,0,9,2830700,2831025,0,110,748.0000000000001,769.6666666666667,0,198,748.0000000000001,769.6666666666667,0,188,748.0000000000001,769.6666666666667,TRI,4244574282,TRI+938130c4+2023-08-21-14h-14m-25s,fr3-295341-1326895,TRI,True,TRI|TRI|4244574282,nvidia/Cosmos3-DROID,5c11a20accb11497270a5247a7f1e66ad04c956c
failure,11991,TRI/failure/2023-08-21/Mon_Aug_21_14:16:59_2023,220,0,9,2831025,2831245,0,110,769.6666666666667,784.3333333333334,0,198,769.6666666666667,784.3333333333334,0,188,769.6666666666667,784.3333333333334,TRI,4244574282,TRI+938130c4+2023-08-21-14h-16m-59s,fr3-295341-1326895,TRI,True,TRI|TRI|4244574282,nvidia/Cosmos3-DROID,5c11a20accb11497270a5247a7f1e66ad04c956c
failure,11992,TRI/failure/2023-08-21/Mon_Aug_21_14:17:28_2023,193,0,9,2831245,2831438,0,110,784.3333333333334,797.2,0,198,784.3333333333334,797.2,0,188,784.3333333333334,797.2,TRI,4244574282,TRI+938130c4+2023-08-21-14h-17m-28s,fr3-295341-1326895,TRI,True,TRI|TRI|4244574282,nvidia/Cosmos3-DROID,5c11a20accb11497270a5247a7f1e66ad04c956c
failure,11993,TRI/failure/2023-08-21/Mon_Aug_21_14:18:10_2023,176,0,9,2831438,2831614,0,110,797.2,808.9333333333334,0,198,797.2,808.9333333333334,0,188,797.2,808.9333333333334,TRI,4244574282,TRI+938130c4+2023-08-21-14h-18m-10s,fr3-295341-1326895,TRI,True,TRI|TRI|4244574282,nvidia/Cosmos3-DROID,5c11a20accb11497270a5247a7f1e66ad04c956c
failure,11995,TRI/failure/2023-08-21/Mon_Aug_21_14:22:02_2023,127,0,9,2831643,2831770,0,110,810.8666666666667,819.3333333333334,0,198,810.8666666666667,819.3333333333334,0,188,810.8666666666667,819.3333333333334,TRI,4244574282,TRI+938130c4+2023-08-21-14h-22m-02s,fr3-295341-1326895,TRI,True,TRI|TRI|4244574282,nvidia/Cosmos3-DROID,5c11a20accb11497270a5247a7f1e66ad04c956c
failure,11996,TRI/failure/2023-08-21/Mon_Aug_21_14:22:29_2023,120,0,9,2831770,2831890,0,110,819.3333333333334,827.3333333333334,0,198,819.3333333333334,827.3333333333334,0,188,819.3333333333334,827.3333333333334,TRI,4244574282,TRI+938130c4+2023-08-21-14h-22m-29s,fr3-295341-1326895,TRI,True,TRI|TRI|4244574282,nvidia/Cosmos3-DROID,5c11a20accb11497270a5247a7f1e66ad04c956c
failure,11997,TRI/failure/2023-08-21/Mon_Aug_21_14:24:19_2023,177,0,9,2831890,2832067,0,110,827.3333333333334,839.1333333333333,0,198,827.3333333333334,839.1333333333333,0,188,827.3333333333334,839.1333333333333,TRI,4244574282,TRI+938130c4+2023-08-21-14h-24m-19s,fr3-295341-1326895,TRI,True,TRI|TRI|4244574282,nvidia/Cosmos3-DROID,5c11a20accb11497270a5247a7f1e66ad04c956c
failure,11998,TRI/failure/2023-08-21/Mon_Aug_21_14:46:21_2023,244,0,9,2832067,2832311,0,110,839.1333333333333,855.4,0,198,839.1333333333333,855.4,0,188,839.1333333333333,855.4,TRI,4244574282,TRI+938130c4+2023-08-21-14h-46m-21s,fr3-295341-1326895,TRI,True,TRI|TRI|4244574282,nvidia/Cosmos3-DROID,5c11a20accb11497270a5247a7f1e66ad04c956c
failure,12000,TRI/failure/2023-08-21/Mon_Aug_21_15:01:04_2023,139,0,9,2832329,2832468,0,110,856.6,865.8666666666667,0,198,856.6,865.8666666666667,0,188,856.6,865.8666666666667,TRI,4244574282,TRI+938130c4+2023-08-21-15h-01m-04s,fr3-295341-1326895,TRI,True,TRI|TRI|4244574282,nvidia/Cosmos3-DROID,5c11a20accb11497270a5247a7f1e66ad04c956c
failure,12001,TRI/failure/2023-08-21/Mon_Aug_21_15:01:50_2023,206,0,9,2832468,2832674,0,110,865.8666666666667,879.6,0,198,865.8666666666667,879.6,0,188,865.8666666666667,879.6,TRI,4244574282,TRI+938130c4+2023-08-21-15h-01m-50s,fr3-295341-1326895,TRI,True,TRI|TRI|4244574282,nvidia/Cosmos3-DROID,5c11a20accb11497270a5247a7f1e66ad04c956c
failure,12002,TRI/failure/2023-08-21/Mon_Aug_21_17:09:58_2023,1193,0,9,2832674,2833867,0,110,879.6,959.1333333333332,0,198,879.6,959.1333333333332,0,188,879.6,959.1333333333332,TRI,5432664924,TRI+938130c4+2023-08-21-17h-09m-58s,fr3-295341-1326895,TRI,True,TRI|TRI|5432664924,nvidia/Cosmos3-DROID,5c11a20accb11497270a5247a7f1e66ad04c956c
failure,13691,WEIRD/failure/2023-11-21/Tue_Nov_21_20:54:57_2023,513,0,11,3381876,3382389,0,128,896.4666666666666,930.6666666666666,0,232,0.0,34.2,0,222,896.4666666666666,930.6666666666666,Gates G60,2705021669,WEIRD+417ecf07+2023-11-21-20h-54m-57s,panda-295341-1325132,WEIRD,True,WEIRD|Gates G60|2705021669,nvidia/Cosmos3-DROID,5c11a20accb11497270a5247a7f1e66ad04c956c
failure,13692,WEIRD/failure/2023-11-21/Tue_Nov_21_20:57:41_2023,401,0,11,3382389,3382790,0,128,930.6666666666666,957.4,0,232,34.2,60.93333333333334,0,223,0.0,26.73333333333333,Gates G60,2705021669,WEIRD+417ecf07+2023-11-21-20h-57m-41s,panda-295341-1325132,WEIRD,True,WEIRD|Gates G60|2705021669,nvidia/Cosmos3-DROID,5c11a20accb11497270a5247a7f1e66ad04c956c
failure,13693,WEIRD/failure/2023-11-21/Tue_Nov_21_21:28:44_2023,735,0,11,3382790,3383525,0,128,957.4,1006.4,0,232,60.93333333333334,109.93333333333334,0,223,26.73333333333333,75.73333333333333,Gates G60,8403767628,WEIRD+bcd0b679+2023-11-21-21h-28m-44s,panda-295341-1325132,WEIRD,True,WEIRD|Gates G60|8403767628,nvidia/Cosmos3-DROID,5c11a20accb11497270a5247a7f1e66ad04c956c
failure,13694,WEIRD/failure/2023-11-21/Tue_Nov_21_21:35:52_2023,895,0,11,3383525,3384420,0,128,1006.4,1066.0666666666666,0,232,109.93333333333334,169.6,0,223,75.73333333333333,135.4,Gates G60,8403767628,WEIRD+bcd0b679+2023-11-21-21h-35m-52s,panda-295341-1325132,WEIRD,True,WEIRD|Gates G60|8403767628,nvidia/Cosmos3-DROID,5c11a20accb11497270a5247a7f1e66ad04c956c
failure,13695,WEIRD/failure/2023-11-21/Tue_Nov_21_21:38:54_2023,472,0,11,3384420,3384892,0,128,1066.0666666666666,1097.5333333333333,0,232,169.6,201.06666666666663,0,223,135.4,166.86666666666667,Gates G60,8403767628,WEIRD+bcd0b679+2023-11-21-21h-38m-54s,panda-295341-1325132,WEIRD,True,WEIRD|Gates G60|8403767628,nvidia/Cosmos3-DROID,5c11a20accb11497270a5247a7f1e66ad04c956c
failure,13696,WEIRD/failure/2023-11-21/Tue_Nov_21_21:47:44_2023,1228,0,11,3384892,3386120,0,128,1097.5333333333333,1179.4,0,232,201.06666666666663,282.93333333333334,0,223,166.86666666666667,248.73333333333332,Gates G60,8403767628,WEIRD+bcd0b679+2023-11-21-21h-47m-44s,panda-295341-1325132,WEIRD,True,WEIRD|Gates G60|8403767628,nvidia/Cosmos3-DROID,5c11a20accb11497270a5247a7f1e66ad04c956c
failure,13697,WEIRD/failure/2023-11-21/Tue_Nov_21_21:58:50_2023,935,0,11,3386120,3387055,0,128,1179.4,1241.7333333333331,0,232,282.93333333333334,345.26666666666665,0,223,248.73333333333332,311.06666666666666,Gates G60,8403767628,WEIRD+bcd0b679+2023-11-21-21h-58m-50s,panda-295341-1325132,WEIRD,True,WEIRD|Gates G60|8403767628,nvidia/Cosmos3-DROID,5c11a20accb11497270a5247a7f1e66ad04c956c
failure,13698,WEIRD/failure/2023-11-21/Tue_Nov_21_22:00:35_2023,2236,0,11,3387055,3389291,0,128,1241.7333333333331,1390.7999999999995,0,232,345.26666666666665,494.3333333333333,0,223,311.06666666666666,460.1333333333333,Gates G60,8403767628,WEIRD+bcd0b679+2023-11-21-22h-00m-35s,panda-295341-1325132,WEIRD,True,WEIRD|Gates G60|8403767628,nvidia/Cosmos3-DROID,5c11a20accb11497270a5247a7f1e66ad04c956c
failure,13699,WEIRD/failure/2023-11-21/Tue_Nov_21_22:21:53_2023,264,0,11,3389291,3389555,0,128,1390.7999999999995,1408.3999999999996,0,232,494.3333333333333,511.9333333333333,0,223,460.1333333333333,477.73333333333335,Gates G60,3596747378,WEIRD+30c3da59+2023-11-21-22h-21m-53s,panda-295341-1325132,WEIRD,True,WEIRD|Gates G60|3596747378,nvidia/Cosmos3-DROID,5c11a20accb11497270a5247a7f1e66ad04c956c
failure,13700,WEIRD/failure/2023-11-21/Tue_Nov_21_22:24:40_2023,417,0,11,3389555,3389972,0,128,1408.3999999999996,1436.1999999999996,0,232,511.9333333333333,539.7333333333333,0,223,477.73333333333335,505.53333333333336,Gates G60,5865779550,WEIRD+30c3da59+2023-11-21-22h-24m-40s,panda-295341-1325132,WEIRD,True,WEIRD|Gates G60|5865779550,nvidia/Cosmos3-DROID,5c11a20accb11497270a5247a7f1e66ad04c956c
failure,13701,WEIRD/failure/2023-11-21/Tue_Nov_21_22:28:17_2023,500,0,11,3389972,3390472,0,128,1436.1999999999996,1469.5333333333328,0,232,539.7333333333333,573.0666666666667,0,223,505.53333333333336,538.8666666666667,Gates G60,5865779550,WEIRD+30c3da59+2023-11-21-22h-28m-17s,panda-295341-1325132,WEIRD,True,WEIRD|Gates G60|5865779550,nvidia/Cosmos3-DROID,5c11a20accb11497270a5247a7f1e66ad04c956c
failure,13702,WEIRD/failure/2023-11-21/Tue_Nov_21_22:29:15_2023,646,0,11,3390472,3391118,0,128,1469.5333333333328,1512.5999999999997,0,232,573.0666666666667,616.1333333333334,0,223,538.8666666666667,581.9333333333334,Gates G60,5865779550,WEIRD+30c3da59+2023-11-21-22h-29m-15s,panda-295341-1325132,WEIRD,True,WEIRD|Gates G60|5865779550,nvidia/Cosmos3-DROID,5c11a20accb11497270a5247a7f1e66ad04c956c
failure,13703,WEIRD/failure/2023-11-21/Tue_Nov_21_22:35:23_2023,1089,0,11,3391118,3392207,0,128,1512.5999999999997,1585.1999999999994,0,232,616.1333333333334,688.7333333333335,0,223,581.9333333333334,654.5333333333334,Gates G60,5865779550,WEIRD+30c3da59+2023-11-21-22h-35m-23s,panda-295341-1325132,WEIRD,True,WEIRD|Gates G60|5865779550,nvidia/Cosmos3-DROID,5c11a20accb11497270a5247a7f1e66ad04c956c
failure,13704,WEIRD/failure/2023-11-21/Tue_Nov_21_22:38:14_2023,79,0,11,3392207,3392286,0,128,1585.1999999999994,1590.466666666666,0,232,688.7333333333335,694.0000000000001,0,223,654.5333333333334,659.8000000000001,Gates G60,5865779550,WEIRD+30c3da59+2023-11-21-22h-38m-14s,panda-295341-1325132,WEIRD,True,WEIRD|Gates G60|5865779550,nvidia/Cosmos3-DROID,5c11a20accb11497270a5247a7f1e66ad04c956c
failure,13705,WEIRD/failure/2023-11-21/Tue_Nov_21_22:39:28_2023,216,0,11,3392286,3392502,0,128,1590.466666666666,1604.866666666666,0,232,694.0000000000001,708.4000000000001,0,223,659.8000000000001,674.2,Gates G60,5865779550,WEIRD+30c3da59+2023-11-21-22h-39m-28s,panda-295341-1325132,WEIRD,True,WEIRD|Gates G60|5865779550,nvidia/Cosmos3-DROID,5c11a20accb11497270a5247a7f1e66ad04c956c
failure,13706,WEIRD/failure/2023-11-21/Tue_Nov_21_22:57:35_2023,60,0,11,3392502,3392562,0,128,1604.866666666666,1608.866666666666,0,232,708.4000000000001,712.4000000000001,0,223,674.2,678.2,Gates G60,5865779550,WEIRD+30c3da59+2023-11-21-22h-57m-35s,panda-295341-1325132,WEIRD,True,WEIRD|Gates G60|5865779550,nvidia/Cosmos3-DROID,5c11a20accb11497270a5247a7f1e66ad04c956c
failure,13707,WEIRD/failure/2023-11-22/Wed_Nov_22_16:42:24_2023,403,0,11,3392562,3392965,0,128,1608.866666666666,1635.733333333333,0,232,712.4000000000001,739.2666666666668,0,223,678.2,705.0666666666667,Gates G60,9431223914,WEIRD+5047dd9a+2023-11-22-16h-42m-24s,panda-295341-1325132,WEIRD,True,WEIRD|Gates G60|9431223914,nvidia/Cosmos3-DROID,5c11a20accb11497270a5247a7f1e66ad04c956c
failure,13708,WEIRD/failure/2023-11-22/Wed_Nov_22_16:43:12_2023,1577,0,11,3392965,3394542,0,128,1635.733333333333,1740.866666666666,0,232,739.2666666666668,844.4000000000001,0,223,705.0666666666667,810.2,Gates G60,9431223914,WEIRD+5047dd9a+2023-11-22-16h-43m-12s,panda-295341-1325132,WEIRD,True,WEIRD|Gates G60|9431223914,nvidia/Cosmos3-DROID,5c11a20accb11497270a5247a7f1e66ad04c956c
failure,13709,WEIRD/failure/2023-11-22/Wed_Nov_22_16:57:05_2023,974,0,11,3394542,3395516,0,129,0.0,64.93333333333334,0,232,844.4000000000001,909.3333333333336,0,223,810.2,875.1333333333334,Gates G60,9431223914,WEIRD+5047dd9a+2023-11-22-16h-57m-05s,panda-295341-1325132,WEIRD,True,WEIRD|Gates G60|9431223914,nvidia/Cosmos3-DROID,5c11a20accb11497270a5247a7f1e66ad04c956c
failure,13741,WEIRD/failure/2023-11-22/Wed_Nov_22_22:12:06_2023,1089,0,11,3409548,3410637,0,129,1000.4,1073.0,0,234,54.93333333333334,127.53333333333332,0,225,0.0,72.6,Gates G60,4859308709,WEIRD+d5edb57c+2023-11-22-22h-12m-06s,panda-295341-1325132,WEIRD,True,WEIRD|Gates G60|4859308709,nvidia/Cosmos3-DROID,5c11a20accb11497270a5247a7f1e66ad04c956c
failure,13742,WEIRD/failure/2023-11-22/Wed_Nov_22_22:13:40_2023,696,0,11,3410637,3411333,0,129,1073.0,1119.4,0,234,127.53333333333332,173.93333333333334,0,225,72.6,119.0,Gates G60,4859308709,WEIRD+d5edb57c+2023-11-22-22h-13m-40s,panda-295341-1325132,WEIRD,True,WEIRD|Gates G60|4859308709,nvidia/Cosmos3-DROID,5c11a20accb11497270a5247a7f1e66ad04c956c
failure,13743,WEIRD/failure/2023-11-22/Wed_Nov_22_22:15:14_2023,335,0,11,3411333,3411668,0,129,1119.4,1141.7333333333331,0,234,173.93333333333334,196.26666666666668,0,225,119.0,141.33333333333334,Gates G60,4859308709,WEIRD+d5edb57c+2023-11-22-22h-15m-14s,panda-295341-1325132,WEIRD,True,WEIRD|Gates G60|4859308709,nvidia/Cosmos3-DROID,5c11a20accb11497270a5247a7f1e66ad04c956c
